datetime,home_team_name,away_team_name,match_status,attendance,referee,venue,home_team_full_time_score,away_team_full_time_score,home_team_1st_quarter_score,away_team_1st_quarter_score,home_team_2nd_quarter_score,away_team_2nd_quarter_score,home_team_3rd_quarter_score,away_team_3rd_quarter_score,home_team_4th_quarter_score,away_team_4th_quarter_score,home_team_overtime_score,away_team_overtime_score,1st_quarter_home_field_goals_attempted,1st_quarter_away_field_goals_attempted,1st_quarter_home_field_goals_made,1st_quarter_away_field_goals_made,1st_quarter_home_field_goals_percent,1st_quarter_away_field_goals_percent,1st_quarter_home_2point_field_goals_attempted,1st_quarter_away_2point_field_goals_attempted,1st_quarter_home_2point_field_goals_made,1st_quarter_away_2point_field_goals_made,1st_quarter_home_2point_field_goals_percent,1st_quarter_away_2point_field_goals_percent,1st_quarter_home_3point_field_goals_attempted,1st_quarter_away_3point_field_goals_attempted,1st_quarter_home_3point_field_goals_made,1st_quarter_away_3point_field_goals_made,1st_quarter_home_3point_field_goals_percent,1st_quarter_away_3point_field_goals_percent,1st_quarter_home_free_throws_attempted,1st_quarter_away_free_throws_attempted,1st_quarter_home_free_throws_made,1st_quarter_away_free_throws_made,1st_quarter_home_free_throws_percent,1st_quarter_away_free_throws_percent,1st_quarter_home_offensive_rebounds,1st_quarter_away_offensive_rebounds,1st_quarter_home_defensive_rebounds,1st_quarter_away_defensive_rebounds,1st_quarter_home_total_rebounds,1st_quarter_away_total_rebounds,1st_quarter_home_assists,1st_quarter_away_assists,1st_quarter_home_blocks,1st_quarter_away_blocks,1st_quarter_home_turnovers,1st_quarter_away_turnovers,1st_quarter_home_steals,1st_quarter_away_steals,1st_quarter_home_personal_fouls,1st_quarter_away_personal_fouls,1st_quarter_home_technical_fouls,1st_quarter_away_technical_fouls,2nd_quarter_home_field_goals_attempted,2nd_quarter_away_field_goals_attempted,2nd_quarter_home_field_goals_made,2nd_quarter_away_field_goals_made,2nd_quarter_home_field_goals_percent,2nd_quarter_away_field_goals_percent,2nd_quarter_home_2point_field_goals_attempted,2nd_quarter_away_2point_field_goals_attempted,2nd_quarter_home_2point_field_goals_made,2nd_quarter_away_2point_field_goals_made,2nd_quarter_home_2point_field_goals_percent,2nd_quarter_away_2point_field_goals_percent,2nd_quarter_home_3point_field_goals_attempted,2nd_quarter_away_3point_field_goals_attempted,2nd_quarter_home_3point_field_goals_made,2nd_quarter_away_3point_field_goals_made,2nd_quarter_home_3point_field_goals_percent,2nd_quarter_away_3point_field_goals_percent,2nd_quarter_home_free_throws_attempted,2nd_quarter_away_free_throws_attempted,2nd_quarter_home_free_throws_made,2nd_quarter_away_free_throws_made,2nd_quarter_home_free_throws_percent,2nd_quarter_away_free_throws_percent,2nd_quarter_home_offensive_rebounds,2nd_quarter_away_offensive_rebounds,2nd_quarter_home_defensive_rebounds,2nd_quarter_away_defensive_rebounds,2nd_quarter_home_total_rebounds,2nd_quarter_away_total_rebounds,2nd_quarter_home_assists,2nd_quarter_away_assists,2nd_quarter_home_blocks,2nd_quarter_away_blocks,2nd_quarter_home_turnovers,2nd_quarter_away_turnovers,2nd_quarter_home_steals,2nd_quarter_away_steals,2nd_quarter_home_personal_fouls,2nd_quarter_away_personal_fouls,2nd_quarter_home_technical_fouls,2nd_quarter_away_technical_fouls,3rd_quarter_home_field_goals_attempted,3rd_quarter_away_field_goals_attempted,3rd_quarter_home_field_goals_made,3rd_quarter_away_field_goals_made,3rd_quarter_home_field_goals_percent,3rd_quarter_away_field_goals_percent,3rd_quarter_home_2point_field_goals_attempted,3rd_quarter_away_2point_field_goals_attempted,3rd_quarter_home_2point_field_goals_made,3rd_quarter_away_2point_field_goals_made,3rd_quarter_home_2point_field_goals_percent,3rd_quarter_away_2point_field_goals_percent,3rd_quarter_home_3point_field_goals_attempted,3rd_quarter_away_3point_field_goals_attempted,3rd_quarter_home_3point_field_goals_made,3rd_quarter_away_3point_field_goals_made,3rd_quarter_home_3point_field_goals_percent,3rd_quarter_away_3point_field_goals_percent,3rd_quarter_home_free_throws_attempted,3rd_quarter_away_free_throws_attempted,3rd_quarter_home_free_throws_made,3rd_quarter_away_free_throws_made,3rd_quarter_home_free_throws_percent,3rd_quarter_away_free_throws_percent,3rd_quarter_home_offensive_rebounds,3rd_quarter_away_offensive_rebounds,3rd_quarter_home_defensive_rebounds,3rd_quarter_away_defensive_rebounds,3rd_quarter_home_total_rebounds,3rd_quarter_away_total_rebounds,3rd_quarter_home_assists,3rd_quarter_away_assists,3rd_quarter_home_blocks,3rd_quarter_away_blocks,3rd_quarter_home_turnovers,3rd_quarter_away_turnovers,3rd_quarter_home_steals,3rd_quarter_away_steals,3rd_quarter_home_personal_fouls,3rd_quarter_away_personal_fouls,3rd_quarter_home_technical_fouls,3rd_quarter_away_technical_fouls,4th_quarter_home_field_goals_attempted,4th_quarter_away_field_goals_attempted,4th_quarter_home_field_goals_made,4th_quarter_away_field_goals_made,4th_quarter_home_field_goals_percent,4th_quarter_away_field_goals_percent,4th_quarter_home_2point_field_goals_attempted,4th_quarter_away_2point_field_goals_attempted,4th_quarter_home_2point_field_goals_made,4th_quarter_away_2point_field_goals_made,4th_quarter_home_2point_field_goals_percent,4th_quarter_away_2point_field_goals_percent,4th_quarter_home_3point_field_goals_attempted,4th_quarter_away_3point_field_goals_attempted,4th_quarter_home_3point_field_goals_made,4th_quarter_away_3point_field_goals_made,4th_quarter_home_3point_field_goals_percent,4th_quarter_away_3point_field_goals_percent,4th_quarter_home_free_throws_attempted,4th_quarter_away_free_throws_attempted,4th_quarter_home_free_throws_made,4th_quarter_away_free_throws_made,4th_quarter_home_free_throws_percent,4th_quarter_away_free_throws_percent,4th_quarter_home_offensive_rebounds,4th_quarter_away_offensive_rebounds,4th_quarter_home_defensive_rebounds,4th_quarter_away_defensive_rebounds,4th_quarter_home_total_rebounds,4th_quarter_away_total_rebounds,4th_quarter_home_assists,4th_quarter_away_assists,4th_quarter_home_blocks,4th_quarter_away_blocks,4th_quarter_home_turnovers,4th_quarter_away_turnovers,4th_quarter_home_steals,4th_quarter_away_steals,4th_quarter_home_personal_fouls,4th_quarter_away_personal_fouls,4th_quarter_home_technical_fouls,4th_quarter_away_technical_fouls,overtime_home_field_goals_attempted,overtime_away_field_goals_attempted,overtime_home_field_goals_made,overtime_away_field_goals_made,overtime_home_field_goals_percent,overtime_away_field_goals_percent,overtime_home_2point_field_goals_attempted,overtime_away_2point_field_goals_attempted,overtime_home_2point_field_goals_made,overtime_away_2point_field_goals_made,overtime_home_2point_field_goals_percent,overtime_away_2point_field_goals_percent,overtime_home_3point_field_goals_attempted,overtime_away_3point_field_goals_attempted,overtime_home_3point_field_goals_made,overtime_away_3point_field_goals_made,overtime_home_3point_field_goals_percent,overtime_away_3point_field_goals_percent,overtime_home_free_throws_attempted,overtime_away_free_throws_attempted,overtime_home_free_throws_made,overtime_away_free_throws_made,overtime_home_free_throws_percent,overtime_away_free_throws_percent,overtime_home_offensive_rebounds,overtime_away_offensive_rebounds,overtime_home_defensive_rebounds,overtime_away_defensive_rebounds,overtime_home_total_rebounds,overtime_away_total_rebounds,overtime_home_assists,overtime_away_assists,overtime_home_blocks,overtime_away_blocks,overtime_home_turnovers,overtime_away_turnovers,overtime_home_steals,overtime_away_steals,overtime_home_personal_fouls,overtime_away_personal_fouls,overtime_home_technical_fouls,overtime_away_technical_fouls
,,,,,,,,,,,,,,,,,,,,,,,,,,,,,,,,,,,,,,,,,,,,,,,,,,,,,,,,,,,,,,,,,,,,,,,,,,,,,,,,,,,,,,,,,,,,,,,,,,,,,,,,,,,,,,,,,,,,,,,,,,,,,,,,,,,,,,,,,,,,,,,,,,,,,,,,,,,,,,,,,,,,,,,,,,,,,,,,,,,,,,,,,,,,,,,,,,,,,,,,,,,,,,,,,,,,,,,,,,,,,,,,,,,,
,,,,,,,,,,,,,,,,,,,,,,,,,,,,,,,,,,,,,,,,,,,,,,,,,,,,,,,,,,,,,,,,,,,,,,,,,,,,,,,,,,,,,,,,,,,,,,,,,,,,,,,,,,,,,,,,,,,,,,,,,,,,,,,,,,,,,,,,,,,,,,,,,,,,,,,,,,,,,,,,,,,,,,,,,,,,,,,,,,,,,,,,,,,,,,,,,,,,,,,,,,,,,,,,,,,,,,,,,,,,,,,,,,,,
"2020-11-07 06:00:00",Platense,"Boca Juniors",Finished,0,,"Estadio Obras Sanitarias (Buenos Aires)",85,82,19,24,20,19,24,25,22,14,0,0,12,16,7,10,58.3,62.5,2,12,5,10,100,83.3,10,4,2,0,20,0,6,6,3,4,50,66.7,0,1,5,12,5,13,3,3,1,1,2,4,4,0,6,6,0,0,19,14,6,6,31.6,42.9,8,9,3,3,37.5,33.3,11,5,3,3,27.3,60,7,4,5,4,71.4,100,1,1,6,7,7,8,5,3,1,1,2,4,0,0,7,5,0,0,17,16,9,8,52.9,50,11,9,7,5,63.6,55.6,6,7,2,3,33.3,42.9,11,7,4,6,36.4,85.7,2,3,5,9,7,12,6,6,0,1,1,4,3,1,6,7,0,0,15,15,7,4,46.7,26.7,6,8,5,2,83.3,25,9,7,2,2,22.2,28.6,9,5,6,4,66.7,80,2,0,12,8,14,8,4,3,2,0,4,3,2,1,7,6,0,0,0,0,0,0,0,0,0,0,0,0,0,0,0,0,0,0,0,0,0,0,0,0,0,0,0,0,0,0,0,0,0,0,0,0,0,0,0,0,0,0,0,0
"2020-11-13 14:00:00","Obera TC","Instituto de Cordoba",Finished,0,,"Estadio Héctor Etchart (Buenos Aires)",65,71,16,14,13,25,14,19,22,13,0,0,16,13,8,6,50,46.2,11,10,8,6,72.7,60,5,3,0,0,0,0,0,5,0,2,0,40,0,3,5,9,5,12,0,3,0,0,2,8,4,1,3,2,0,0,21,18,5,11,23.8,61.1,10,16,3,10,30,62.5,11,2,2,1,18.2,50,2,1,1,2,50,100,2,1,6,13,8,14,3,7,1,0,1,2,1,1,2,3,0,0,12,13,5,7,41.7,53.8,9,9,5,6,55.6,66.7,3,4,0,1,0,25,5,5,4,4,80,80,1,2,6,7,7,9,3,4,1,0,4,4,2,3,4,7,0,0,13,16,8,3,61.5,18.8,6,10,6,2,100,20,7,6,2,1,28.6,16.7,5,11,4,6,80,54.5,1,4,10,5,11,9,5,4,0,0,2,0,0,2,9,4,0,0,0,0,0,0,0,0,0,0,0,0,0,0,0,0,0,0,0,0,0,0,0,0,0,0,0,0,0,0,0,0,0,0,0,0,0,0,0,0,0,0,0,0
"2020-11-05 14:00:00",Olimpico,"Instituto de Cordoba",Finished,0,,"Estadio Héctor Etchart (Buenos Aires)",79,81,19,19,20,17,25,21,15,24,0,0,13,11,6,6,46.2,54.5,5,5,1,3,20,60,8,6,5,3,62.5,50,2,6,2,4,100,66.7,1,2,5,7,6,9,6,6,1,1,4,5,3,2,6,4,0,0,14,15,7,5,50,33.3,7,8,4,3,57.1,37.5,7,7,3,2,42.9,28.6,4,5,3,5,75,100,0,3,7,6,7,9,3,3,0,0,2,3,1,0,5,6,0,0,19,13,8,5,42.1,38.5,10,7,4,4,40,57.1,9,6,4,1,44.4,16.7,8,14,5,10,62.5,71.4,3,1,9,9,12,10,5,2,0,1,2,1,0,2,9,8,0,0,14,14,4,7,28.6,50,4,9,1,5,25,55.6,10,5,3,2,30,40,9,12,4,8,44.4,66.7,5,3,5,10,10,13,3,2,0,0,4,1,1,2,9,7,0,0,0,0,0,0,0,0,0,0,0,0,0,0,0,0,0,0,0,0,0,0,0,0,0,0,0,0,0,0,0,0,0,0,0,0,0,0,0,0,0,0,0,0
,,,,,,,,,,,,,,,,,,,,,,,,,,,,,,,,,,,,,,,,,,,,,,,,,,,,,,,,,,,,,,,,,,,,,,,,,,,,,,,,,,,,,,,,,,,,,,,,,,,,,,,,,,,,,,,,,,,,,,,,,,,,,,,,,,,,,,,,,,,,,,,,,,,,,,,,,,,,,,,,,,,,,,,,,,,,,,,,,,,,,,,,,,,,,,,,,,,,,,,,,,,,,,,,,,,,,,,,,,,,,,,,,,,,
,,,,,,,,,,,,,,,,,,,,,,,,,,,,,,,,,,,,,,,,,,,,,,,,,,,,,,,,,,,,,,,,,,,,,,,,,,,,,,,,,,,,,,,,,,,,,,,,,,,,,,,,,,,,,,,,,,,,,,,,,,,,,,,,,,,,,,,,,,,,,,,,,,,,,,,,,,,,,,,,,,,,,,,,,,,,,,,,,,,,,,,,,,,,,,,,,,,,,,,,,,,,,,,,,,,,,,,,,,,,,,,,,,,,
"2020-11-11 11:30:00",Platense,Ferro,Finished,0,,"Estadio Obras Sanitarias (Buenos Aires)",112,79,27,22,30,26,25,14,30,17,0,0,16,15,7,8,43.8,53.3,11,11,4,7,36.4,63.6,5,4,3,1,60,25,11,6,10,5,90.9,83.3,1,0,7,9,8,9,4,5,0,1,1,4,1,0,6,8,0,0,15,16,9,9,60,56.3,7,8,5,7,71.4,87.5,8,8,4,2,50,25,12,7,8,6,66.7,85.7,2,2,5,5,7,7,6,5,0,0,2,2,0,1,8,8,0,0,14,11,7,5,50,45.5,9,7,5,4,55.6,57.1,5,4,2,1,40,25,11,6,8,3,72.7,50,2,2,6,5,8,7,5,3,0,0,0,4,1,0,5,8,0,0,23,19,13,5,56.5,26.3,14,12,10,5,71.4,41.7,9,7,3,0,33.3,0,4,13,2,7,50,53.8,2,5,11,9,13,14,4,2,0,2,1,3,3,0,8,6,0,0,0,0,0,0,0,0,0,0,0,0,0,0,0,0,0,0,0,0,0,0,0,0,0,0,0,0,0,0,0,0,0,0,0,0,0,0,0,0,0,0,0,0
"2020-11-08 16:30:00","Instituto de Cordoba",Regatas,Finished,0,,"Estadio Héctor Etchart (Buenos Aires)",88,85,18,23,18,15,24,30,28,17,0,0,18,16,7,8,38.9,50,12,9,4,6,33.3,66.7,6,7,3,2,50,28.6,1,5,1,5,100,100,4,2,6,7,10,9,3,2,0,0,3,2,1,2,6,6,0,0,16,15,6,6,37.5,40,7,8,3,5,42.9,62.5,9,7,3,1,33.3,14.3,5,4,3,2,60,50,1,2,8,8,9,10,4,4,0,0,2,3,1,0,5,5,0,0,13,14,9,9,69.2,64.3,10,7,6,5,60,71.4,3,7,3,4,100,57.1,3,10,3,8,100,80,0,2,3,4,3,6,4,7,0,0,7,4,3,5,6,3,0,0,13,15,9,7,69.2,46.7,11,11,7,7,63.6,63.6,2,4,2,0,100,0,10,3,8,3,80,100,1,0,8,4,9,4,5,2,0,3,4,4,2,1,5,9,0,0,0,0,0,0,0,0,0,0,0,0,0,0,0,0,0,0,0,0,0,0,0,0,0,0,0,0,0,0,0,0,0,0,0,0,0,0,0,0,0,0,0,0
"2020-11-18 14:00:00","Comunicaciones Mercedes","La Union",Finished,0,,"Estadio Héctor Etchart (Buenos Aires)",81,91,19,21,17,21,26,19,19,30,0,0,17,16,8,9,47.1,56.3,15,11,7,7,46.7,63.6,2,5,1,2,50,40,2,2,2,1,100,50,2,1,7,7,9,8,3,6,0,1,4,6,1,1,5,6,0,0,20,17,7,8,35,47.1,14,10,5,6,35.7,60,6,7,2,2,33.3,28.6,1,3,1,3,100,100,4,1,8,8,12,9,2,6,1,0,3,1,0,0,5,4,0,0,14,18,8,8,57.1,44.4,6,12,5,6,83.3,50,8,6,3,2,37.5,33.3,7,1,7,1,100,100,2,1,9,5,11,6,3,6,1,1,3,2,1,3,3,6,0,0,25,15,8,11,32,73.3,19,9,6,7,31.6,77.8,6,6,2,4,33.3,66.7,2,6,1,4,50,66.7,7,0,6,9,13,9,3,9,1,1,2,2,1,2,6,4,0,0,0,0,0,0,0,0,0,0,0,0,0,0,0,0,0,0,0,0,0,0,0,0,0,0,0,0,0,0,0,0,0,0,0,0,0,0,0,0,0,0,0,0
"2020-11-11 06:00:00",Argentino,"Obras Sanitarias",Finished,0,,"Estadio Obras Sanitarias (Buenos Aires)",84,83,21,23,13,10,25,20,25,30,0,0,17,16,6,9,35.3,56.3,4,12,1,8,25,66.7,13,4,5,1,38.5,25,4,4,4,4,100,100,2,2,5,9,7,11,2,5,0,1,4,5,1,0,6,5,0,0,15,17,3,3,20,17.6,8,11,1,3,12.5,27.3,7,6,2,0,28.6,0,9,4,5,4,55.6,100,1,3,11,12,12,15,2,1,4,0,2,3,1,0,6,7,0,0,14,13,7,6,50,46.2,3,7,1,3,33.3,42.9,11,6,6,3,54.5,50,7,10,5,5,71.4,50,1,2,7,8,8,10,5,4,1,1,2,4,3,1,7,7,0,0,17,16,8,11,47.1,68.8,11,12,7,8,63.6,66.7,6,4,1,3,16.7,75,11,8,8,5,72.7,62.5,1,3,4,8,5,11,0,6,0,0,1,6,4,1,8,9,0,0,0,0,0,0,0,0,0,0,0,0,0,0,0,0,0,0,0,0,0,0,0,0,0,0,0,0,0,0,0,0,0,0,0,0,0,0,0,0,0,0,0,0
"2020-11-10 11:30:00",Gimnasia,"Weber Bahia",Finished,0,,"Estadio Obras Sanitarias (Buenos Aires)",84,66,24,11,16,13,22,16,22,26,0,0,19,12,10,4,52.6,33.3,11,7,8,4,72.7,57.1,8,5,2,0,25,0,2,6,2,4,100,66.7,3,1,8,5,11,6,6,1,0,1,3,5,1,3,4,4,0,0,13,22,6,5,46.2,22.7,6,11,4,2,66.7,18.2,7,11,2,3,28.6,27.3,3,0,2,0,66.7,0,1,5,12,6,13,11,3,3,3,0,5,1,1,2,4,3,0,0,22,8,8,3,36.4,37.5,11,5,4,2,36.4,40,11,3,4,1,36.4,33.3,4,10,2,8,50,80,4,0,5,12,9,12,3,1,1,0,1,7,7,0,6,4,0,0,16,15,7,6,43.8,40,11,9,6,3,54.5,33.3,5,6,1,3,20,50,8,12,7,11,87.5,91.7,5,4,6,4,11,8,3,2,2,1,6,5,3,3,7,6,0,0,0,0,0,0,0,0,0,0,0,0,0,0,0,0,0,0,0,0,0,0,0,0,0,0,0,0,0,0,0,0,0,0,0,0,0,0,0,0,0,0,0,0
"2020-11-06 11:45:00",Gimnasia,Argentino,Finished,0,,"Estadio Obras Sanitarias (Buenos Aires)",82,71,29,18,18,12,14,28,21,13,0,0,14,15,10,5,71.4,33.3,7,10,5,3,71.4,30,7,5,5,2,71.4,40,5,6,4,6,80,100,1,2,8,4,9,6,7,2,0,0,2,2,1,1,6,6,0,0,12,17,6,5,50,29.4,6,12,4,4,66.7,33.3,6,5,2,1,33.3,20,4,3,4,1,100,33.3,1,3,10,4,11,7,6,2,1,0,4,1,0,2,7,4,0,0,13,15,3,9,23.1,60,7,6,2,6,28.6,100,6,9,1,3,16.7,33.3,7,10,7,7,100,70,3,4,5,7,8,11,4,4,0,1,4,0,0,1,7,4,0,0,13,18,7,6,53.8,33.3,7,11,5,5,71.4,45.5,6,7,2,1,33.3,14.3,9,0,5,0,55.6,0,5,1,9,4,14,5,4,2,3,0,4,3,1,2,2,8,0,0,0,0,0,0,0,0,0,0,0,0,0,0,0,0,0,0,0,0,0,0,0,0,0,0,0,0,0,0,0,0,0,0,0,0,0,0,0,0,0,0,0,0
,,,,,,,,,,,,,,,,,,,,,,,,,,,,,,,,,,,,,,,,,,,,,,,,,,,,,,,,,,,,,,,,,,,,,,,,,,,,,,,,,,,,,,,,,,,,,,,,,,,,,,,,,,,,,,,,,,,,,,,,,,,,,,,,,,,,,,,,,,,,,,,,,,,,,,,,,,,,,,,,,,,,,,,,,,,,,,,,,,,,,,,,,,,,,,,,,,,,,,,,,,,,,,,,,,,,,,,,,,,,,,,,,,,,
"2020-11-17 14:00:00",Quimsa,"Instituto de Cordoba","After Overtime",0,,"Estadio Héctor Etchart (Buenos Aires)",90,97,24,23,24,18,19,26,15,15,8,15,13,14,7,10,53.8,71.4,10,12,5,9,50,75,3,2,2,1,66.7,50,8,3,8,2,100,66.7,3,1,5,3,8,4,5,7,0,0,3,1,0,2,6,8,0,0,18,18,8,7,44.4,38.9,8,16,3,6,37.5,37.5,10,2,5,1,50,50,4,5,3,3,75,60,3,2,8,7,11,9,4,3,2,0,1,1,1,0,5,3,0,0,12,16,7,9,58.3,56.3,8,9,5,6,62.5,66.7,4,7,2,3,50,42.9,6,5,3,5,50,100,1,1,6,6,7,7,4,3,1,0,4,3,2,2,3,5,0,0,13,17,3,5,23.1,29.4,8,12,2,3,25,25,5,5,1,2,20,40,10,5,8,3,80,60,3,8,5,8,8,16,0,3,2,1,2,4,2,1,6,9,0,0,10,8,3,4,30,50,5,6,3,3,60,50,5,2,0,1,0,50,2,8,2,6,100,75,0,2,2,6,2,8,1,3,1,0,0,1,1,0,4,1,0,0
,,,,,,,,,,,,,,,,,,,,,,,,,,,,,,,,,,,,,,,,,,,,,,,,,,,,,,,,,,,,,,,,,,,,,,,,,,,,,,,,,,,,,,,,,,,,,,,,,,,,,,,,,,,,,,,,,,,,,,,,,,,,,,,,,,,,,,,,,,,,,,,,,,,,,,,,,,,,,,,,,,,,,,,,,,,,,,,,,,,,,,,,,,,,,,,,,,,,,,,,,,,,,,,,,,,,,,,,,,,,,,,,,,,,
"2020-11-07 14:30:00","Obras Sanitarias",Penarol,Finished,0,,"Estadio Obras Sanitarias (Buenos Aires)",84,71,30,10,17,25,14,19,23,17,0,0,13,16,9,2,69.2,12.5,6,11,5,2,83.3,18.2,7,5,4,0,57.1,0,11,10,8,6,72.7,60,0,3,12,5,12,8,7,0,2,0,3,3,1,4,7,8,0,0,18,16,7,8,38.9,50,9,12,4,8,44.4,66.7,9,4,3,0,33.3,0,1,14,0,9,0,64.3,3,2,8,9,11,11,3,3,0,1,7,3,1,1,11,7,0,0,12,17,4,7,33.3,41.2,8,8,3,3,37.5,37.5,4,9,1,4,25,44.4,7,4,5,1,71.4,25,0,2,10,8,10,10,2,6,0,1,4,2,1,2,5,6,0,0,15,18,8,7,53.3,38.9,7,13,4,7,57.1,53.8,8,5,4,0,50,0,7,6,3,3,42.9,50,0,4,7,10,7,14,6,2,0,0,1,2,1,0,6,8,0,0,0,0,0,0,0,0,0,0,0,0,0,0,0,0,0,0,0,0,0,0,0,0,0,0,0,0,0,0,0,0,0,0,0,0,0,0,0,0,0,0,0,0
,,,,,,,,,,,,,,,,,,,,,,,,,,,,,,,,,,,,,,,,,,,,,,,,,,,,,,,,,,,,,,,,,,,,,,,,,,,,,,,,,,,,,,,,,,,,,,,,,,,,,,,,,,,,,,,,,,,,,,,,,,,,,,,,,,,,,,,,,,,,,,,,,,,,,,,,,,,,,,,,,,,,,,,,,,,,,,,,,,,,,,,,,,,,,,,,,,,,,,,,,,,,,,,,,,,,,,,,,,,,,,,,,,,,
"2020-11-14 09:00:00","Obras Sanitarias","Hispano Americano",Finished,0,,"Estadio Obras Sanitarias (Buenos Aires)",75,81,19,24,12,17,26,17,18,23,0,0,14,17,8,9,57.1,52.9,10,8,7,5,70,62.5,4,9,1,4,25,44.4,2,2,2,2,100,100,1,3,5,5,6,8,4,4,0,1,5,3,2,4,4,3,0,0,14,16,5,7,35.7,43.8,11,9,5,4,45.5,44.4,3,7,0,3,0,42.9,3,0,2,0,66.7,0,2,0,8,8,10,8,2,1,1,1,4,3,3,2,3,6,0,0,17,16,11,6,64.7,37.5,12,8,7,3,58.3,37.5,5,8,4,3,80,37.5,1,5,0,2,0,40,1,1,11,6,12,7,7,3,0,1,2,1,1,1,6,3,0,0,19,17,8,6,42.1,35.3,12,9,6,3,50,33.3,7,8,2,3,28.6,37.5,3,9,0,8,0,88.9,4,4,6,9,10,13,2,4,1,1,4,3,2,4,8,5,0,0,0,0,0,0,0,0,0,0,0,0,0,0,0,0,0,0,0,0,0,0,0,0,0,0,0,0,0,0,0,0,0,0,0,0,0,0,0,0,0,0,0,0
"2020-11-09 16:30:00","San Martin","Instituto de Cordoba",Finished,0,,"Estadio Héctor Etchart (Buenos Aires)",77,47,24,7,8,10,23,19,22,11,0,0,18,11,10,3,55.6,27.3,8,8,6,2,75,25,10,3,4,1,40,33.3,0,0,0,0,0,0,2,0,8,6,10,6,5,2,0,0,1,5,2,0,2,3,0,0,12,14,4,5,33.3,35.7,6,10,4,5,66.7,50,6,4,0,0,0,0,0,6,0,0,0,0,1,1,10,7,11,8,1,0,0,0,6,3,1,4,6,1,0,0,15,17,9,7,60,41.2,9,11,8,5,88.9,45.5,6,6,1,2,16.7,33.3,4,5,4,3,100,60,1,8,4,6,5,14,3,4,1,0,1,5,3,0,7,5,0,0,15,15,7,4,46.7,26.7,4,8,2,3,50,37.5,11,7,5,1,45.5,14.3,3,2,3,2,100,100,2,1,10,6,12,7,4,1,0,0,3,2,1,0,4,5,0,0,0,0,0,0,0,0,0,0,0,0,0,0,0,0,0,0,0,0,0,0,0,0,0,0,0,0,0,0,0,0,0,0,0,0,0,0,0,0,0,0,0,0
"2020-11-05 06:00:00","La Union",Libertad,Finished,0,,"Estadio Héctor Etchart (Buenos Aires)",88,79,25,21,24,23,10,24,29,11,0,0,18,18,10,9,55.6,50,13,12,8,9,61.5,75,5,6,2,0,40,0,6,3,3,3,50,100,2,3,7,8,9,11,6,2,0,1,1,4,4,0,4,5,0,0,14,23,10,9,71.4,39.1,11,17,9,7,81.8,41.2,3,6,1,2,33.3,33.3,4,5,3,3,75,60,1,5,8,3,9,8,6,5,0,0,5,1,0,2,6,5,0,0,13,17,3,8,23.1,47.1,8,9,3,4,37.5,44.4,5,8,0,4,0,50,8,6,4,5,50,83.3,2,2,6,12,8,14,0,3,1,1,0,1,1,0,4,6,0,0,21,12,11,5,52.4,41.7,15,6,8,5,53.3,83.3,6,6,3,0,50,0,6,5,4,0,66.7,0,3,0,9,6,12,6,5,5,0,2,1,3,1,0,7,5,0,0,0,0,0,0,0,0,0,0,0,0,0,0,0,0,0,0,0,0,0,0,0,0,0,0,0,0,0,0,0,0,0,0,0,0,0,0,0,0,0,0,0,0
"2020-11-09 14:00:00",Regatas,Quimsa,Finished,0,,"Estadio Héctor Etchart (Buenos Aires)",68,78,16,25,24,16,12,25,16,12,0,0,13,17,5,9,38.5,52.9,9,8,2,4,22.2,50,4,9,3,5,75,55.6,4,2,3,2,75,100,2,5,4,6,6,11,5,4,0,3,5,5,3,4,5,5,0,0,17,14,10,7,58.8,50,11,8,6,6,54.5,75,6,6,4,1,66.7,16.7,0,1,0,1,0,100,1,1,6,6,7,7,5,4,1,0,2,4,3,2,4,4,0,0,8,21,3,9,37.5,42.9,2,12,3,6,100,50,6,9,0,3,0,33.3,11,7,6,4,54.5,57.1,0,6,6,12,6,18,0,1,1,1,4,2,1,3,7,9,0,0,15,14,4,4,26.7,28.6,8,10,1,3,12.5,30,7,4,3,1,42.9,25,7,4,5,3,71.4,75,2,1,9,7,11,8,2,3,1,2,5,2,0,1,6,7,0,0,0,0,0,0,0,0,0,0,0,0,0,0,0,0,0,0,0,0,0,0,0,0,0,0,0,0,0,0,0,0,0,0,0,0,0,0,0,0,0,0,0,0
"2020-11-11 09:00:00","Hispano Americano",Penarol,Finished,0,,"Estadio Obras Sanitarias (Buenos Aires)",72,80,10,24,17,21,26,14,19,21,0,0,12,17,3,9,25,52.9,4,13,2,7,50,53.8,8,4,1,2,12.5,50,4,5,3,4,75,80,0,2,7,10,7,12,2,3,0,0,5,2,1,4,5,4,0,0,15,12,6,7,40,58.3,6,7,2,5,33.3,71.4,9,5,4,2,44.4,40,2,6,1,5,50,83.3,2,2,3,7,5,9,6,3,0,0,3,4,1,1,5,1,0,0,17,15,8,5,47.1,33.3,8,9,7,3,87.5,33.3,9,6,1,2,11.1,33.3,9,4,9,2,100,50,2,4,7,7,9,11,2,3,1,0,1,6,3,1,4,8,0,0,22,12,9,5,40.9,41.7,14,8,8,3,57.1,37.5,8,4,1,2,12.5,50,0,9,0,9,0,100,5,2,5,8,10,10,3,4,1,1,2,5,2,1,8,4,0,0,0,0,0,0,0,0,0,0,0,0,0,0,0,0,0,0,0,0,0,0,0,0,0,0,0,0,0,0,0,0,0,0,0,0,0,0,0,0,0,0,0,0
,,,,,,,,,,,,,,,,,,,,,,,,,,,,,,,,,,,,,,,,,,,,,,,,,,,,,,,,,,,,,,,,,,,,,,,,,,,,,,,,,,,,,,,,,,,,,,,,,,,,,,,,,,,,,,,,,,,,,,,,,,,,,,,,,,,,,,,,,,,,,,,,,,,,,,,,,,,,,,,,,,,,,,,,,,,,,,,,,,,,,,,,,,,,,,,,,,,,,,,,,,,,,,,,,,,,,,,,,,,,,,,,,,,,
"2020-11-04 09:30:00",Libertad,"Obera TC",Finished,0,,"Estadio Héctor Etchart (Buenos Aires)",78,72,14,13,22,21,15,19,27,19,0,0,17,20,5,5,29.4,25,11,10,4,2,36.4,20,6,10,1,3,16.7,30,3,0,3,0,100,0,1,2,13,11,14,13,2,3,0,0,2,1,1,1,4,3,0,0,14,17,8,8,57.1,47.1,9,11,6,6,66.7,54.5,5,6,2,2,40,33.3,4,6,4,3,100,50,1,3,8,5,9,8,1,2,1,0,5,2,2,3,7,4,0,0,17,10,7,5,41.2,50,12,8,6,5,50,62.5,5,2,1,0,20,0,0,12,0,9,0,75,4,3,4,6,8,9,3,2,1,0,5,6,4,3,8,4,0,0,11,19,7,6,63.6,31.6,7,13,5,4,71.4,30.8,4,6,2,2,50,33.3,13,9,11,5,84.6,55.6,0,5,11,5,11,10,4,1,1,0,4,3,0,3,9,11,0,0,0,0,0,0,0,0,0,0,0,0,0,0,0,0,0,0,0,0,0,0,0,0,0,0,0,0,0,0,0,0,0,0,0,0,0,0,0,0,0,0,0,0
"2020-11-10 09:00:00",Penarol,Argentino,Finished,0,,"Estadio Obras Sanitarias (Buenos Aires)",92,71,26,13,25,17,17,26,24,15,0,0,15,15,9,4,60,26.7,10,6,6,3,60,50,5,9,3,1,60,11.1,6,4,5,4,83.3,100,2,1,10,5,12,6,7,1,0,1,2,2,2,1,5,5,0,0,14,13,9,5,64.3,38.5,11,4,7,2,63.6,50,3,9,2,3,66.7,33.3,6,9,5,4,83.3,44.4,2,0,9,3,11,3,4,4,0,0,5,4,3,3,7,6,0,0,8,18,6,9,75,50,4,10,4,6,100,60,4,8,2,3,50,37.5,4,7,3,6,75,85.7,0,2,7,3,7,5,4,7,0,1,8,1,1,2,8,5,0,0,20,14,10,5,50,35.7,13,11,7,5,53.8,45.5,7,3,3,0,42.9,0,2,6,1,4,50,66.7,3,1,8,6,11,7,5,6,1,0,5,7,6,2,7,2,0,0,0,0,0,0,0,0,0,0,0,0,0,0,0,0,0,0,0,0,0,0,0,0,0,0,0,0,0,0,0,0,0,0,0,0,0,0,0,0,0,0,0,0
"2020-11-18 06:00:00",Regatas,Olimpico,Finished,0,,"Estadio Héctor Etchart (Buenos Aires)",77,64,13,13,22,18,18,20,24,13,0,0,13,19,4,5,30.8,26.3,7,9,3,3,42.9,33.3,6,10,1,2,16.7,20,4,2,4,1,100,50,1,3,12,8,13,11,2,3,2,0,5,2,1,3,2,3,0,0,15,13,7,5,46.7,38.5,7,7,4,1,57.1,14.3,8,6,3,4,37.5,66.7,5,4,5,4,100,100,3,2,5,4,8,6,4,3,1,0,2,3,2,0,6,5,0,0,14,15,6,6,42.9,40,7,7,3,3,42.9,42.9,7,8,3,3,42.9,37.5,4,8,3,5,75,62.5,3,2,9,6,12,8,4,3,0,1,7,3,1,3,8,4,0,0,16,17,9,5,56.3,29.4,10,6,6,4,60,66.7,6,11,3,1,50,9.1,6,2,3,2,50,100,3,3,8,4,11,7,8,2,0,0,0,1,0,0,3,6,0,0,0,0,0,0,0,0,0,0,0,0,0,0,0,0,0,0,0,0,0,0,0,0,0,0,0,0,0,0,0,0,0,0,0,0,0,0,0,0,0,0,0,0
"2020-11-11 16:30:00","Weber Bahia","San Lorenzo",Finished,0,,"Estadio Obras Sanitarias (Buenos Aires)",81,105,22,34,22,27,26,24,11,20,0,0,15,19,7,12,46.7,63.2,4,11,2,6,50,54.5,11,8,5,6,45.5,75,4,4,1,4,25,100,0,3,5,11,5,14,3,9,1,2,2,4,1,1,5,4,0,0,19,20,10,10,52.6,50,13,9,9,5,69.2,55.6,6,11,1,5,16.7,45.5,6,7,3,2,50,28.6,2,3,8,5,10,8,4,5,0,0,3,1,1,2,5,5,0,0,22,16,11,7,50,43.8,14,9,9,5,64.3,55.6,8,7,2,2,25,28.6,5,15,2,8,40,53.3,5,4,10,8,15,12,3,2,0,1,1,1,0,1,8,6,0,0,15,21,4,8,26.7,38.1,9,15,4,6,44.4,40,6,6,0,2,0,33.3,8,2,3,2,37.5,100,2,6,6,10,8,16,1,3,0,1,3,4,3,1,4,7,0,0,0,0,0,0,0,0,0,0,0,0,0,0,0,0,0,0,0,0,0,0,0,0,0,0,0,0,0,0,0,0,0,0,0,0,0,0,0,0,0,0,0,0
"2020-11-12 11:30:00",Atenas,"Obera TC",Finished,0,,"Estadio Héctor Etchart (Buenos Aires)",84,67,17,20,22,15,19,23,26,9,0,0,13,18,7,8,53.8,44.4,8,13,4,7,50,53.8,5,5,3,1,60,20,2,4,1,3,50,75,3,5,5,5,8,10,2,3,0,2,8,5,2,3,5,5,0,0,14,16,7,6,50,37.5,7,5,3,3,42.9,60,7,11,4,3,57.1,27.3,4,0,3,0,75,0,0,1,8,6,8,7,4,3,0,0,2,3,0,2,4,5,0,0,12,18,7,9,58.3,50,7,10,4,8,57.1,80,5,8,3,1,60,12.5,2,4,2,4,100,100,1,5,4,4,5,9,2,3,1,1,4,3,3,2,5,4,0,0,23,13,10,3,43.5,23.1,15,5,7,2,46.7,40,8,8,3,1,37.5,12.5,6,4,3,2,50,50,10,4,6,5,16,9,6,1,1,1,3,5,4,0,7,5,0,0,0,0,0,0,0,0,0,0,0,0,0,0,0,0,0,0,0,0,0,0,0,0,0,0,0,0,0,0,0,0,0,0,0,0,0,0,0,0,0,0,0,0
"2020-11-14 06:00:00","San Lorenzo","Boca Juniors",Finished,0,,"Estadio Obras Sanitarias (Buenos Aires)",63,82,13,22,19,14,18,27,13,19,0,0,14,14,4,8,28.6,57.1,7,9,2,4,28.6,44.4,7,5,2,4,28.6,80,4,5,3,2,75,40,3,2,7,9,10,11,2,6,2,2,3,3,1,1,4,6,0,0,22,13,8,3,36.4,23.1,16,7,7,1,43.8,14.3,6,6,1,2,16.7,33.3,4,7,2,6,50,85.7,2,0,9,10,11,10,5,1,0,0,4,7,2,3,6,4,0,0,16,17,6,8,37.5,47.1,11,8,5,4,45.5,50,5,9,1,4,20,44.4,6,7,5,7,83.3,100,1,1,8,9,9,10,2,7,1,0,4,1,1,3,6,6,0,0,11,16,4,7,36.4,43.8,8,11,4,6,50,54.5,3,5,0,1,0,20,8,4,5,4,62.5,100,2,2,7,7,9,9,1,2,1,0,7,4,3,4,6,6,0,0,0,0,0,0,0,0,0,0,0,0,0,0,0,0,0,0,0,0,0,0,0,0,0,0,0,0,0,0,0,0,0,0,0,0,0,0,0,0,0,0,0,0
"2020-11-07 11:45:00",Argentino,"San Lorenzo",Finished,0,,"Estadio Obras Sanitarias (Buenos Aires)",78,80,28,20,12,15,22,22,16,23,0,0,17,17,10,6,58.8,35.3,9,12,6,5,66.7,41.7,8,5,4,1,50,20,4,10,4,7,100,70,1,3,10,6,11,9,2,4,0,0,3,1,1,0,9,5,0,0,19,17,4,5,21.1,29.4,13,9,4,2,30.8,22.2,6,8,0,3,0,37.5,5,5,4,2,80,40,3,4,9,13,12,17,0,3,1,0,2,6,3,0,7,5,0,0,16,21,6,8,37.5,38.1,9,11,5,6,55.6,54.5,7,10,1,2,14.3,20,11,4,9,4,81.8,100,2,6,7,9,9,15,2,2,0,1,1,3,1,0,6,10,0,0,15,15,6,9,40,60,9,12,5,8,55.6,66.7,6,3,1,1,16.7,33.3,6,9,3,4,50,44.4,4,1,8,7,12,8,2,4,0,2,3,0,0,1,6,6,0,0,0,0,0,0,0,0,0,0,0,0,0,0,0,0,0,0,0,0,0,0,0,0,0,0,0,0,0,0,0,0,0,0,0,0,0,0,0,0,0,0,0,0
"2020-11-09 06:00:00","Obera TC","Comunicaciones Mercedes",Finished,0,,"Estadio Héctor Etchart (Buenos Aires)",79,71,24,24,21,12,17,23,17,12,0,0,15,15,6,8,40,53.3,4,9,1,4,25,44.4,11,6,5,4,45.5,66.7,7,5,7,4,100,80,0,0,8,9,8,9,4,7,1,2,2,3,0,0,5,5,0,0,15,14,7,5,46.7,35.7,7,7,4,3,57.1,42.9,8,7,3,2,37.5,28.6,6,0,4,0,66.7,0,2,0,9,7,11,7,3,2,0,0,2,4,3,0,4,4,0,0,17,15,6,10,35.3,66.7,11,9,4,8,36.4,88.9,6,6,2,2,33.3,33.3,5,1,3,1,60,100,4,4,1,8,5,12,2,5,0,0,2,5,1,1,4,5,0,0,15,13,6,3,40,23.1,9,5,6,1,66.7,20,6,8,0,2,0,25,5,6,5,5,100,83.3,2,2,11,7,13,9,1,1,1,1,1,2,1,0,7,6,0,0,0,0,0,0,0,0,0,0,0,0,0,0,0,0,0,0,0,0,0,0,0,0,0,0,0,0,0,0,0,0,0,0,0,0,0,0,0,0,0,0,0,0
"2020-11-17 16:30:00",Libertad,"Comunicaciones Mercedes",Finished,0,,"Estadio Héctor Etchart (Buenos Aires)",93,79,24,14,22,17,23,24,24,24,0,0,15,14,9,6,60,42.9,11,10,6,6,54.5,60,4,4,3,0,75,0,3,3,3,2,100,66.7,1,2,8,6,9,8,5,4,0,0,2,4,1,0,4,7,0,0,16,18,8,7,50,38.9,10,12,6,7,60,58.3,6,6,2,0,33.3,0,5,5,4,3,80,60,1,3,7,7,8,10,7,4,1,0,6,5,3,3,7,4,0,0,14,22,8,10,57.1,45.5,9,12,6,8,66.7,66.7,5,10,2,2,40,20,6,5,2,4,33.3,80,0,6,6,6,6,12,6,7,0,0,3,4,2,1,2,2,0,0,15,12,10,8,66.7,66.7,9,8,7,5,77.8,62.5,6,4,3,3,50,75,4,4,4,3,100,75,0,2,3,6,3,8,7,4,0,0,2,2,1,1,7,6,0,0,0,0,0,0,0,0,0,0,0,0,0,0,0,0,0,0,0,0,0,0,0,0,0,0,0,0,0,0,0,0,0,0,0,0,0,0,0,0,0,0,0,0
,,,,,,,,,,,,,,,,,,,,,,,,,,,,,,,,,,,,,,,,,,,,,,,,,,,,,,,,,,,,,,,,,,,,,,,,,,,,,,,,,,,,,,,,,,,,,,,,,,,,,,,,,,,,,,,,,,,,,,,,,,,,,,,,,,,,,,,,,,,,,,,,,,,,,,,,,,,,,,,,,,,,,,,,,,,,,,,,,,,,,,,,,,,,,,,,,,,,,,,,,,,,,,,,,,,,,,,,,,,,,,,,,,,,
"2020-11-18 06:00:00",Penarol,"Weber Bahia",Finished,0,,"Estadio Obras Sanitarias (Buenos Aires)",78,83,25,21,21,17,14,22,18,23,0,0,17,19,10,7,58.8,36.8,10,9,7,4,70,44.4,7,10,3,3,42.9,30,2,6,2,4,100,66.7,1,2,11,5,12,7,7,3,0,0,4,1,0,1,6,4,0,0,14,14,7,7,50,50,5,10,5,6,100,60,9,4,2,1,22.2,25,6,3,5,2,83.3,66.7,1,0,7,8,8,8,3,5,0,1,2,4,2,1,5,5,0,0,16,17,5,7,31.3,41.2,10,7,5,3,50,42.9,6,10,0,4,0,40,6,4,4,4,66.7,100,3,2,8,8,11,10,0,4,0,0,3,1,0,0,6,5,0,0,17,16,8,11,47.1,68.8,11,14,7,11,63.6,78.6,6,2,1,0,16.7,0,2,2,1,1,50,50,2,1,4,7,6,8,2,6,0,1,4,4,2,2,6,3,0,0,0,0,0,0,0,0,0,0,0,0,0,0,0,0,0,0,0,0,0,0,0,0,0,0,0,0,0,0,0,0,0,0,0,0,0,0,0,0,0,0,0,0
"2020-11-04 14:00:00",Quimsa,"La Union",Finished,0,,"Estadio Héctor Etchart (Buenos Aires)",86,77,25,16,19,18,16,28,26,15,0,0,13,18,9,6,69.2,33.3,8,11,8,5,100,45.5,5,7,1,1,20,14.3,9,4,6,3,66.7,75,1,5,8,5,9,10,5,3,2,0,2,4,4,1,4,8,0,0,14,13,6,7,42.9,53.8,4,11,2,7,50,63.6,10,2,4,0,40,0,5,9,3,4,60,44.4,0,2,6,8,6,10,6,3,2,0,5,5,2,2,6,4,0,0,13,13,5,8,38.5,61.5,6,10,3,6,50,60,7,3,2,2,28.6,66.7,6,11,4,10,66.7,90.9,1,1,4,9,5,10,2,5,0,0,3,4,2,2,9,6,0,0,17,14,7,6,41.2,42.9,10,10,5,5,50,50,7,4,2,1,28.6,25,17,4,10,2,58.8,50,5,2,6,5,11,7,4,5,1,1,2,6,5,2,3,10,0,0,0,0,0,0,0,0,0,0,0,0,0,0,0,0,0,0,0,0,0,0,0,0,0,0,0,0,0,0,0,0,0,0,0,0,0,0,0,0,0,0,0,0
"2020-11-07 09:30:00","Weber Bahia",Ferro,Finished,0,,"Estadio Obras Sanitarias (Buenos Aires)",56,101,16,24,20,32,5,26,15,19,0,0,18,18,6,9,33.3,50,9,7,3,5,33.3,71.4,9,11,3,4,33.3,36.4,4,3,1,2,25,66.7,3,5,8,11,11,16,2,4,0,2,4,4,2,1,5,6,0,0,18,23,8,14,44.4,60.9,6,15,4,10,66.7,66.7,12,8,4,4,33.3,50,4,4,3,1,75,25,2,1,7,11,9,12,2,7,0,1,3,4,1,1,7,7,0,0,17,16,2,9,11.8,56.3,6,10,2,7,33.3,70,11,6,0,2,0,33.3,0,5,0,5,0,100,1,3,4,13,5,16,1,5,0,0,7,7,3,3,3,3,0,0,15,18,2,6,13.3,33.3,7,5,1,2,14.3,40,8,13,1,4,12.5,30.8,11,4,8,3,72.7,75,1,2,11,10,12,12,3,6,0,1,5,5,2,1,7,8,0,0,0,0,0,0,0,0,0,0,0,0,0,0,0,0,0,0,0,0,0,0,0,0,0,0,0,0,0,0,0,0,0,0,0,0,0,0,0,0,0,0,0,0
,,,,,,,,,,,,,,,,,,,,,,,,,,,,,,,,,,,,,,,,,,,,,,,,,,,,,,,,,,,,,,,,,,,,,,,,,,,,,,,,,,,,,,,,,,,,,,,,,,,,,,,,,,,,,,,,,,,,,,,,,,,,,,,,,,,,,,,,,,,,,,,,,,,,,,,,,,,,,,,,,,,,,,,,,,,,,,,,,,,,,,,,,,,,,,,,,,,,,,,,,,,,,,,,,,,,,,,,,,,,,,,,,,,,
,,,,,,,,,,,,,,,,,,,,,,,,,,,,,,,,,,,,,,,,,,,,,,,,,,,,,,,,,,,,,,,,,,,,,,,,,,,,,,,,,,,,,,,,,,,,,,,,,,,,,,,,,,,,,,,,,,,,,,,,,,,,,,,,,,,,,,,,,,,,,,,,,,,,,,,,,,,,,,,,,,,,,,,,,,,,,,,,,,,,,,,,,,,,,,,,,,,,,,,,,,,,,,,,,,,,,,,,,,,,,,,,,,,,
"2020-11-04 06:00:00","San Martin",Regatas,"After Overtime",0,,"Estadio Héctor Etchart (Buenos Aires)",77,74,19,15,14,19,20,16,13,16,11,8,17,14,8,6,47.1,42.9,15,5,8,3,53.3,60,2,9,0,3,0,33.3,4,2,3,0,75,0,5,0,9,4,14,4,0,3,0,0,5,2,2,4,4,4,0,0,15,20,6,6,40,30,8,11,4,3,50,27.3,7,9,2,3,28.6,33.3,0,6,0,4,0,66.7,1,4,9,8,10,12,5,5,0,0,3,2,1,2,4,3,0,0,14,16,6,6,42.9,37.5,7,8,3,4,42.9,50,7,8,3,2,42.9,25,7,6,5,2,71.4,33.3,0,3,10,9,10,12,1,5,1,0,2,4,2,1,4,6,0,0,16,14,4,7,25,50,8,8,4,7,50,87.5,8,6,0,0,0,0,8,3,5,2,62.5,66.7,5,0,6,9,11,9,3,2,0,0,6,3,2,3,4,6,0,0,9,7,3,3,33.3,42.9,3,4,1,1,33.3,25,6,3,2,2,33.3,66.7,4,0,3,0,75,0,4,0,4,3,8,3,2,2,1,0,2,1,1,2,0,2,0,0
,,,,,,,,,,,,,,,,,,,,,,,,,,,,,,,,,,,,,,,,,,,,,,,,,,,,,,,,,,,,,,,,,,,,,,,,,,,,,,,,,,,,,,,,,,,,,,,,,,,,,,,,,,,,,,,,,,,,,,,,,,,,,,,,,,,,,,,,,,,,,,,,,,,,,,,,,,,,,,,,,,,,,,,,,,,,,,,,,,,,,,,,,,,,,,,,,,,,,,,,,,,,,,,,,,,,,,,,,,,,,,,,,,,,
"2020-11-05 09:30:00",Atenas,Quimsa,Finished,0,,"Estadio Héctor Etchart (Buenos Aires)",66,86,13,27,20,24,19,21,14,14,0,0,15,15,5,9,33.3,60,10,4,4,3,40,75,5,11,1,6,20,54.5,3,3,2,3,66.7,100,2,1,6,10,8,11,1,4,0,2,7,6,3,6,5,5,0,0,12,20,6,9,50,45,9,10,5,6,55.6,60,3,10,1,3,33.3,30,8,4,7,3,87.5,75,2,3,7,4,9,7,1,4,0,2,9,4,3,4,5,7,0,0,14,14,5,7,35.7,50,8,7,3,5,37.5,71.4,6,7,2,2,33.3,28.6,9,6,7,5,77.8,83.3,5,1,6,6,11,7,4,3,0,4,8,4,1,5,5,7,0,0,18,20,5,5,27.8,25,12,9,3,3,25,33.3,6,11,2,2,33.3,18.2,3,2,2,2,66.7,100,4,4,10,8,14,12,2,2,1,2,3,1,1,1,3,4,0,0,0,0,0,0,0,0,0,0,0,0,0,0,0,0,0,0,0,0,0,0,0,0,0,0,0,0,0,0,0,0,0,0,0,0,0,0,0,0,0,0,0,0
,,,,,,,,,,,,,,,,,,,,,,,,,,,,,,,,,,,,,,,,,,,,,,,,,,,,,,,,,,,,,,,,,,,,,,,,,,,,,,,,,,,,,,,,,,,,,,,,,,,,,,,,,,,,,,,,,,,,,,,,,,,,,,,,,,,,,,,,,,,,,,,,,,,,,,,,,,,,,,,,,,,,,,,,,,,,,,,,,,,,,,,,,,,,,,,,,,,,,,,,,,,,,,,,,,,,,,,,,,,,,,,,,,,,
,,,,,,,,,,,,,,,,,,,,,,,,,,,,,,,,,,,,,,,,,,,,,,,,,,,,,,,,,,,,,,,,,,,,,,,,,,,,,,,,,,,,,,,,,,,,,,,,,,,,,,,,,,,,,,,,,,,,,,,,,,,,,,,,,,,,,,,,,,,,,,,,,,,,,,,,,,,,,,,,,,,,,,,,,,,,,,,,,,,,,,,,,,,,,,,,,,,,,,,,,,,,,,,,,,,,,,,,,,,,,,,,,,,,
"2020-11-17 09:00:00",Atenas,Regatas,Finished,0,,"Estadio Héctor Etchart (Buenos Aires)",62,98,12,27,16,20,17,32,17,19,0,0,12,14,3,6,25,42.9,3,5,1,3,33.3,60,9,9,2,3,22.2,33.3,5,13,4,12,80,92.3,2,5,4,9,6,14,2,1,0,0,5,3,2,2,11,6,0,0,15,18,7,7,46.7,38.9,12,14,7,5,58.3,35.7,3,4,0,2,0,50,3,4,2,4,66.7,100,2,3,8,6,10,9,4,6,1,0,7,3,1,4,5,4,0,0,15,14,7,12,46.7,85.7,13,4,7,6,53.8,100,2,10,0,6,0,60,7,2,3,2,42.9,100,3,1,4,7,7,8,0,8,1,1,3,1,0,2,3,7,0,0,18,17,5,8,27.8,47.1,11,12,5,7,45.5,58.3,7,5,0,1,0,20,9,5,7,2,77.8,40,4,1,6,10,10,11,2,3,0,1,1,5,1,1,4,9,0,0,0,0,0,0,0,0,0,0,0,0,0,0,0,0,0,0,0,0,0,0,0,0,0,0,0,0,0,0,0,0,0,0,0,0,0,0,0,0,0,0,0,0
"2020-11-06 17:00:00","San Lorenzo","Obras Sanitarias",Finished,0,,"Estadio Obras Sanitarias (Buenos Aires)",82,83,13,26,18,14,24,17,27,26,0,0,16,16,6,9,37.5,56.3,11,10,5,7,45.5,70,5,6,1,2,20,33.3,0,8,0,6,0,75,3,1,8,10,11,11,2,8,2,2,3,1,0,3,6,4,0,0,21,17,5,5,23.8,29.4,16,9,4,4,25,44.4,5,8,1,1,20,12.5,12,4,7,3,58.3,75,5,2,10,8,15,10,0,3,2,3,4,3,1,3,3,9,0,0,16,17,9,8,56.3,47.1,11,12,7,7,63.6,58.3,5,5,2,1,40,20,7,1,4,0,57.1,0,2,3,6,6,8,9,3,4,1,0,2,6,4,1,4,5,0,0,21,17,10,10,47.6,58.8,13,11,7,7,53.8,63.6,8,6,3,3,37.5,50,5,3,4,3,80,100,2,1,6,9,8,10,4,5,1,0,0,2,1,0,5,5,0,0,0,0,0,0,0,0,0,0,0,0,0,0,0,0,0,0,0,0,0,0,0,0,0,0,0,0,0,0,0,0,0,0,0,0,0,0,0,0,0,0,0,0
"2020-11-09 11:45:00",Olimpico,Libertad,Finished,0,,"Estadio Héctor Etchart (Buenos Aires)",74,65,17,17,14,14,21,13,22,21,0,0,14,15,7,8,50,53.3,7,11,5,7,71.4,63.6,7,4,2,1,28.6,25,2,0,1,0,50,0,1,1,6,8,7,9,2,4,1,1,0,3,2,1,2,4,0,0,15,15,5,6,33.3,40,8,10,5,5,62.5,50,7,5,0,1,0,20,5,2,4,1,80,50,4,1,9,4,13,5,3,2,0,0,8,2,0,2,2,7,0,0,19,15,7,6,36.8,40,13,12,4,6,30.8,50,6,3,3,0,50,0,6,2,4,1,66.7,50,6,0,9,6,15,6,3,4,0,2,3,2,1,1,6,6,0,0,15,17,5,7,33.3,41.2,9,7,4,2,44.4,28.6,6,10,1,5,16.7,50,11,3,11,2,100,66.7,3,2,9,7,12,9,4,4,1,0,1,3,0,1,6,9,0,0,0,0,0,0,0,0,0,0,0,0,0,0,0,0,0,0,0,0,0,0,0,0,0,0,0,0,0,0,0,0,0,0,0,0,0,0,0,0,0,0,0,0
"2020-11-06 09:30:00","Boca Juniors","Weber Bahia",Finished,0,,"Estadio Obras Sanitarias (Buenos Aires)",96,95,23,25,25,20,21,21,27,29,0,0,18,14,8,7,44.4,50,9,9,6,3,66.7,33.3,9,5,2,4,22.2,80,6,11,5,7,83.3,63.6,2,3,5,9,7,12,4,3,1,0,5,8,4,2,9,10,0,0,16,19,8,8,50,42.1,7,9,5,6,71.4,66.7,9,10,3,2,33.3,20,12,3,6,2,50,66.7,3,2,10,7,13,9,6,5,1,0,3,2,1,2,5,9,0,0,16,15,8,6,50,40,12,9,7,4,58.3,44.4,4,6,1,2,25,33.3,5,9,4,7,80,77.8,3,2,7,7,10,9,4,2,3,0,4,4,2,4,8,7,0,0,16,20,10,12,62.5,60,8,13,5,10,62.5,76.9,8,7,5,2,62.5,28.6,2,6,2,3,100,50,1,2,9,3,10,5,8,5,1,0,7,2,1,2,7,4,0,0,0,0,0,0,0,0,0,0,0,0,0,0,0,0,0,0,0,0,0,0,0,0,0,0,0,0,0,0,0,0,0,0,0,0,0,0,0,0,0,0,0,0
"2020-11-07 17:00:00","Hispano Americano",Gimnasia,Finished,0,,"Estadio Obras Sanitarias (Buenos Aires)",68,78,25,24,10,22,7,12,26,20,0,0,15,17,9,10,60,58.8,10,12,7,8,70,66.7,5,5,2,2,40,40,9,3,5,2,55.6,66.7,2,3,4,5,6,8,4,3,0,0,2,3,3,2,4,5,0,0,13,14,4,7,30.8,50,9,8,2,2,22.2,25,4,6,2,5,50,83.3,2,4,0,3,0,75,3,2,6,7,9,9,4,4,0,0,4,4,1,2,4,4,0,0,14,18,2,6,14.3,33.3,10,14,2,6,20,42.9,4,4,0,0,0,0,4,2,3,0,75,0,2,2,11,10,13,12,2,3,1,1,5,2,0,4,2,5,0,0,22,10,8,6,36.4,60,10,8,5,5,50,62.5,12,2,3,1,25,50,9,12,7,7,77.8,58.3,9,1,5,6,14,7,4,1,0,2,3,6,5,2,10,8,0,0,0,0,0,0,0,0,0,0,0,0,0,0,0,0,0,0,0,0,0,0,0,0,0,0,0,0,0,0,0,0,0,0,0,0,0,0,0,0,0,0,0,0
,,,,,,,,,,,,,,,,,,,,,,,,,,,,,,,,,,,,,,,,,,,,,,,,,,,,,,,,,,,,,,,,,,,,,,,,,,,,,,,,,,,,,,,,,,,,,,,,,,,,,,,,,,,,,,,,,,,,,,,,,,,,,,,,,,,,,,,,,,,,,,,,,,,,,,,,,,,,,,,,,,,,,,,,,,,,,,,,,,,,,,,,,,,,,,,,,,,,,,,,,,,,,,,,,,,,,,,,,,,,,,,,,,,,
"2020-11-13 06:00:00",Olimpico,Atenas,Finished,0,,"Estadio Héctor Etchart (Buenos Aires)",115,58,27,12,20,7,38,18,30,21,0,0,18,15,10,6,55.6,40,8,12,5,6,62.5,50,10,3,5,0,50,0,2,0,2,0,100,0,4,0,9,5,13,5,4,4,0,0,3,3,1,2,3,3,0,0,17,18,8,3,47.1,16.7,12,10,6,2,50,20,5,8,2,1,40,12.5,2,1,2,0,100,0,4,1,15,4,19,5,5,1,0,0,6,2,0,3,4,3,0,0,16,14,14,5,87.5,35.7,8,10,7,2,87.5,20,8,4,7,3,87.5,75,5,6,3,5,60,83.3,2,2,8,2,10,4,11,3,2,0,5,3,0,3,6,5,0,0,16,22,11,9,68.8,40.9,5,14,3,6,60,42.9,11,8,8,3,72.7,37.5,0,0,0,0,0,0,1,2,10,4,11,6,8,5,0,0,5,3,1,2,3,0,0,0,0,0,0,0,0,0,0,0,0,0,0,0,0,0,0,0,0,0,0,0,0,0,0,0,0,0,0,0,0,0,0,0,0,0,0,0,0,0,0,0,0,0
,,,,,,,,,,,,,,,,,,,,,,,,,,,,,,,,,,,,,,,,,,,,,,,,,,,,,,,,,,,,,,,,,,,,,,,,,,,,,,,,,,,,,,,,,,,,,,,,,,,,,,,,,,,,,,,,,,,,,,,,,,,,,,,,,,,,,,,,,,,,,,,,,,,,,,,,,,,,,,,,,,,,,,,,,,,,,,,,,,,,,,,,,,,,,,,,,,,,,,,,,,,,,,,,,,,,,,,,,,,,,,,,,,,,
"2020-11-08 14:00:00",Libertad,Atenas,Finished,0,,"Estadio Héctor Etchart (Buenos Aires)",92,96,18,24,20,17,30,28,24,27,0,0,19,17,9,8,47.4,47.1,12,8,9,4,75,50,7,9,0,4,0,44.4,0,4,0,4,0,100,2,1,9,8,11,9,5,4,2,0,3,1,1,2,5,1,0,0,17,17,8,7,47.1,41.2,11,13,7,6,63.6,46.2,6,4,1,1,16.7,25,4,3,3,2,75,66.7,2,1,9,6,11,7,5,4,3,0,4,4,2,2,4,5,0,0,16,16,9,9,56.3,56.3,11,8,6,3,54.5,37.5,5,8,3,6,60,75,12,4,9,4,75,100,4,2,5,5,9,7,4,6,1,3,1,3,0,0,6,9,0,0,16,12,8,7,50,58.3,10,6,7,5,70,83.3,6,6,1,2,16.7,33.3,10,13,7,11,70,84.6,3,1,4,7,7,8,2,4,0,1,2,5,3,0,11,9,0,0,0,0,0,0,0,0,0,0,0,0,0,0,0,0,0,0,0,0,0,0,0,0,0,0,0,0,0,0,0,0,0,0,0,0,0,0,0,0,0,0,0,0
"2020-11-04 16:30:00","Instituto de Cordoba",Atenas,Finished,0,,"Estadio Obras Sanitarias (Buenos Aires)",81,71,21,21,23,12,18,20,19,18,0,0,13,20,5,7,38.5,35,10,13,4,7,40,53.8,3,7,1,0,33.3,0,12,7,10,7,83.3,100,1,3,10,8,11,11,3,0,1,0,6,3,1,3,8,7,0,0,15,21,9,5,60,23.8,11,11,7,4,63.6,36.4,4,10,2,1,50,10,4,2,3,1,75,50,2,4,12,5,14,9,6,1,1,0,4,2,1,0,4,3,0,0,20,17,6,8,30,47.1,11,7,4,4,36.4,57.1,9,10,2,4,22.2,40,5,0,3,0,60,0,6,3,6,9,12,12,3,3,1,0,3,4,1,2,4,6,0,0,13,15,7,7,53.8,46.7,7,9,4,6,57.1,66.7,6,6,3,1,50,16.7,2,7,3,3,100,42.9,1,3,7,5,8,8,7,1,0,0,5,5,1,2,5,4,0,0,0,0,0,0,0,0,0,0,0,0,0,0,0,0,0,0,0,0,0,0,0,0,0,0,0,0,0,0,0,0,0,0,0,0,0,0,0,0,0,0,0,0
"2020-11-18 16:30:00","Obera TC",Quimsa,Finished,0,,"Estadio Héctor Etchart (Buenos Aires)",62,78,15,22,15,16,16,26,16,14,0,0,15,14,4,7,26.7,50,6,6,0,3,0,50,9,8,4,4,44.4,50,4,5,3,4,75,80,1,2,6,10,7,12,2,6,0,0,3,5,2,0,7,5,0,0,18,13,6,5,33.3,38.5,7,8,3,3,42.9,37.5,11,5,3,2,27.3,40,1,8,0,4,0,50,3,3,5,10,8,13,2,2,0,3,4,5,3,1,10,3,0,0,12,21,6,9,50,42.9,4,15,4,6,100,40,8,6,2,3,25,50,6,6,2,5,33.3,83.3,0,7,5,10,5,17,1,8,0,0,4,4,0,1,8,8,0,0,22,17,6,6,27.3,35.3,12,10,2,4,16.7,40,10,7,4,2,40,28.6,0,0,0,0,0,0,5,5,6,11,11,16,5,2,1,2,3,7,3,0,3,4,0,0,0,0,0,0,0,0,0,0,0,0,0,0,0,0,0,0,0,0,0,0,0,0,0,0,0,0,0,0,0,0,0,0,0,0,0,0,0,0,0,0,0,0
"2020-11-12 06:00:00","Instituto de Cordoba","Comunicaciones Mercedes",Finished,0,,"Estadio Héctor Etchart (Buenos Aires)",86,76,33,11,16,22,22,21,15,22,0,0,15,16,12,5,80,31.3,9,10,8,5,88.9,50,6,6,4,0,66.7,0,6,4,5,1,83.3,25,1,3,11,3,12,6,7,3,0,0,2,1,0,1,5,5,0,0,9,23,3,6,33.3,26.1,6,15,3,4,50,26.7,3,8,0,2,0,25,13,10,10,8,76.9,80,1,5,12,6,13,11,3,1,0,1,6,0,0,1,7,9,0,0,13,19,7,9,53.8,47.4,11,14,6,7,54.5,50,2,5,1,2,50,40,12,3,7,1,58.3,33.3,2,2,10,8,12,10,1,5,0,1,2,2,1,1,5,8,0,0,21,16,7,9,33.3,56.3,13,9,5,8,38.5,88.9,8,7,2,1,25,14.3,3,3,2,3,66.7,100,4,4,4,9,8,13,3,2,0,1,3,3,2,2,4,5,0,0,0,0,0,0,0,0,0,0,0,0,0,0,0,0,0,0,0,0,0,0,0,0,0,0,0,0,0,0,0,0,0,0,0,0,0,0,0,0,0,0,0,0
,,,,,,,,,,,,,,,,,,,,,,,,,,,,,,,,,,,,,,,,,,,,,,,,,,,,,,,,,,,,,,,,,,,,,,,,,,,,,,,,,,,,,,,,,,,,,,,,,,,,,,,,,,,,,,,,,,,,,,,,,,,,,,,,,,,,,,,,,,,,,,,,,,,,,,,,,,,,,,,,,,,,,,,,,,,,,,,,,,,,,,,,,,,,,,,,,,,,,,,,,,,,,,,,,,,,,,,,,,,,,,,,,,,,
"2020-11-10 06:00:00","San Lorenzo","Hispano Americano",Finished,0,,"Estadio Obras Sanitarias (Buenos Aires)",97,68,25,15,27,20,26,16,19,17,0,0,14,15,10,6,71.4,40,8,6,5,3,62.5,50,6,9,5,3,83.3,33.3,0,2,0,0,0,0,1,2,9,3,10,5,4,2,0,0,5,3,2,2,3,4,0,0,18,15,11,7,61.1,46.7,13,10,10,6,76.9,60,5,5,1,1,20,20,4,8,4,5,100,62.5,5,1,6,2,11,3,6,3,0,0,4,2,0,2,5,5,0,0,12,14,8,5,66.7,35.7,8,5,5,4,62.5,80,4,9,3,1,75,11.1,11,7,7,5,63.6,71.4,1,4,8,4,9,8,4,1,0,0,4,5,4,3,8,7,0,0,16,19,7,7,43.8,36.8,7,13,5,6,71.4,46.2,9,6,2,1,22.2,16.7,4,4,3,2,75,50,2,1,9,8,11,9,1,4,0,1,4,3,2,3,4,3,0,0,0,0,0,0,0,0,0,0,0,0,0,0,0,0,0,0,0,0,0,0,0,0,0,0,0,0,0,0,0,0,0,0,0,0,0,0,0,0,0,0,0,0
,,,,,,,,,,,,,,,,,,,,,,,,,,,,,,,,,,,,,,,,,,,,,,,,,,,,,,,,,,,,,,,,,,,,,,,,,,,,,,,,,,,,,,,,,,,,,,,,,,,,,,,,,,,,,,,,,,,,,,,,,,,,,,,,,,,,,,,,,,,,,,,,,,,,,,,,,,,,,,,,,,,,,,,,,,,,,,,,,,,,,,,,,,,,,,,,,,,,,,,,,,,,,,,,,,,,,,,,,,,,,,,,,,,,
,,,,,,,,,,,,,,,,,,,,,,,,,,,,,,,,,,,,,,,,,,,,,,,,,,,,,,,,,,,,,,,,,,,,,,,,,,,,,,,,,,,,,,,,,,,,,,,,,,,,,,,,,,,,,,,,,,,,,,,,,,,,,,,,,,,,,,,,,,,,,,,,,,,,,,,,,,,,,,,,,,,,,,,,,,,,,,,,,,,,,,,,,,,,,,,,,,,,,,,,,,,,,,,,,,,,,,,,,,,,,,,,,,,,
"2020-11-05 11:45:00","Obera TC","San Martin",Finished,0,,"Estadio Héctor Etchart (Buenos Aires)",65,78,14,20,14,22,16,11,21,25,0,0,15,13,4,7,26.7,53.8,6,9,2,6,33.3,66.7,9,4,2,1,22.2,25,6,6,4,5,66.7,83.3,4,2,5,7,9,9,2,1,0,0,3,3,0,1,5,4,0,0,14,14,5,8,35.7,57.1,7,8,4,5,57.1,62.5,7,6,1,3,14.3,50,7,3,3,3,42.9,100,1,1,5,10,6,11,1,6,1,1,3,4,3,2,3,7,0,0,12,12,4,2,33.3,16.7,6,5,3,1,50,20,6,7,1,1,16.7,14.3,13,8,7,6,53.8,75,1,3,8,9,9,12,2,2,0,0,2,4,1,1,7,9,0,0,17,15,7,9,41.2,60,6,9,3,7,50,77.8,11,6,4,2,36.4,33.3,5,6,3,5,60,83.3,1,1,4,11,5,12,3,5,0,0,2,7,3,0,7,4,0,0,0,0,0,0,0,0,0,0,0,0,0,0,0,0,0,0,0,0,0,0,0,0,0,0,0,0,0,0,0,0,0,0,0,0,0,0,0,0,0,0,0,0
,,,,,,,,,,,,,,,,,,,,,,,,,,,,,,,,,,,,,,,,,,,,,,,,,,,,,,,,,,,,,,,,,,,,,,,,,,,,,,,,,,,,,,,,,,,,,,,,,,,,,,,,,,,,,,,,,,,,,,,,,,,,,,,,,,,,,,,,,,,,,,,,,,,,,,,,,,,,,,,,,,,,,,,,,,,,,,,,,,,,,,,,,,,,,,,,,,,,,,,,,,,,,,,,,,,,,,,,,,,,,,,,,,,,
,,,,,,,,,,,,,,,,,,,,,,,,,,,,,,,,,,,,,,,,,,,,,,,,,,,,,,,,,,,,,,,,,,,,,,,,,,,,,,,,,,,,,,,,,,,,,,,,,,,,,,,,,,,,,,,,,,,,,,,,,,,,,,,,,,,,,,,,,,,,,,,,,,,,,,,,,,,,,,,,,,,,,,,,,,,,,,,,,,,,,,,,,,,,,,,,,,,,,,,,,,,,,,,,,,,,,,,,,,,,,,,,,,,,
"2020-11-10 16:30:00",Ferro,"Boca Juniors",Finished,0,,"Estadio Obras Sanitarias (Buenos Aires)",60,76,10,14,15,27,20,15,15,20,0,0,20,15,4,5,20,33.3,11,9,4,4,36.4,44.4,9,6,0,1,0,16.7,3,3,2,3,66.7,100,3,3,7,13,10,16,2,2,0,1,4,7,2,2,5,7,0,0,16,19,6,11,37.5,57.9,12,12,6,7,50,58.3,4,7,0,4,0,57.1,8,3,3,1,37.5,33.3,2,1,6,11,8,12,0,6,0,1,2,2,2,2,4,7,0,0,18,14,7,5,38.9,35.7,14,11,4,4,28.6,36.4,4,3,3,1,75,33.3,8,9,3,4,37.5,44.4,6,1,11,7,17,8,5,3,0,2,4,2,2,2,9,6,0,0,15,17,6,8,40,47.1,6,10,4,7,66.7,70,9,7,2,1,22.2,14.3,3,7,1,3,33.3,42.9,3,1,10,8,13,9,5,5,1,2,6,1,0,3,6,4,0,0,0,0,0,0,0,0,0,0,0,0,0,0,0,0,0,0,0,0,0,0,0,0,0,0,0,0,0,0,0,0,0,0,0,0,0,0,0,0,0,0,0,0
"2020-11-09 09:30:00",Atenas,"La Union",Finished,0,,"Estadio Héctor Etchart (Buenos Aires)",49,71,21,24,5,19,15,14,8,14,0,0,15,12,8,6,53.3,50,8,6,5,4,62.5,66.7,7,6,3,2,42.9,33.3,6,11,2,10,33.3,90.9,1,1,7,8,8,9,5,5,0,0,1,1,0,0,6,5,0,0,12,21,1,9,8.3,42.9,4,14,1,8,25,57.1,8,7,0,1,0,14.3,4,1,3,0,75,0,2,4,8,10,10,14,0,4,0,0,6,3,1,3,4,5,0,0,15,10,6,4,40,40,9,5,6,3,66.7,60,6,5,0,1,0,20,9,6,3,5,33.3,83.3,0,0,8,10,8,10,2,2,0,1,2,4,3,1,5,7,0,0,17,18,2,4,11.8,22.2,6,13,2,4,33.3,30.8,11,5,0,0,0,0,4,9,4,6,100,66.7,3,3,11,12,14,15,1,2,0,1,4,4,3,3,8,5,0,0,0,0,0,0,0,0,0,0,0,0,0,0,0,0,0,0,0,0,0,0,0,0,0,0,0,0,0,0,0,0,0,0,0,0,0,0,0,0,0,0,0,0
"2020-11-12 14:00:00",Libertad,Regatas,Finished,0,,"Estadio Héctor Etchart (Buenos Aires)",66,84,18,27,16,15,16,14,16,28,0,0,15,16,7,9,46.7,56.3,11,11,6,8,54.5,72.7,4,5,1,1,25,20,5,8,3,8,60,100,3,4,3,6,6,10,4,3,0,0,2,2,0,1,6,6,0,0,17,18,7,7,41.2,38.9,11,11,6,6,54.5,54.5,6,7,1,1,16.7,14.3,2,0,1,0,50,0,2,3,8,8,10,11,6,2,0,0,2,2,1,0,1,3,0,0,14,16,5,5,35.7,31.3,7,8,4,5,57.1,62.5,7,8,1,0,14.3,0,7,6,5,4,71.4,66.7,3,2,9,6,12,8,5,1,0,0,2,0,0,0,7,5,0,0,10,21,5,9,50,42.9,10,11,5,5,50,45.5,0,10,0,4,0,40,8,7,6,6,75,85.7,1,6,6,4,7,10,3,2,1,0,6,0,0,2,7,6,0,0,0,0,0,0,0,0,0,0,0,0,0,0,0,0,0,0,0,0,0,0,0,0,0,0,0,0,0,0,0,0,0,0,0,0,0,0,0,0,0,0,0,0
"2020-11-06 06:00:00",Penarol,Platense,Finished,0,,"Estadio Obras Sanitarias (Buenos Aires)",96,90,26,33,29,21,24,17,17,19,0,0,14,14,8,10,57.1,71.4,7,7,6,5,85.7,71.4,7,7,2,5,28.6,71.4,10,9,8,8,80,88.9,3,1,3,4,6,5,4,6,0,0,5,5,4,5,6,7,0,0,16,19,13,9,81.3,47.4,12,11,12,7,100,63.6,4,8,1,2,25,25,2,2,2,1,100,50,1,3,7,2,8,5,5,4,0,0,8,6,5,4,2,4,0,0,16,11,9,5,56.3,45.5,10,0,6,2,60,0,6,11,3,3,50,27.3,3,6,3,4,100,66.7,1,1,8,6,9,7,3,6,1,0,3,4,4,1,6,6,0,0,19,16,6,5,31.6,31.3,10,9,4,4,40,44.4,9,7,2,1,22.2,14.3,5,13,3,8,60,61.5,8,3,11,7,19,10,3,3,2,0,4,1,1,3,11,5,0,0,0,0,0,0,0,0,0,0,0,0,0,0,0,0,0,0,0,0,0,0,0,0,0,0,0,0,0,0,0,0,0,0,0,0,0,0,0,0,0,0,0,0
"2020-11-06 14:00:00",Ferro,"Hispano Americano",Finished,0,,"Estadio Obras Sanitarias (Buenos Aires)",77,85,16,25,16,14,21,19,24,27,0,0,16,15,6,7,37.5,46.7,11,5,4,4,36.4,80,5,10,2,3,40,30,4,11,2,8,50,72.7,2,3,7,8,9,11,3,3,0,0,2,1,0,1,8,6,0,0,17,12,5,5,29.4,41.7,10,8,3,5,30,62.5,7,4,2,0,28.6,0,6,10,4,4,66.7,40,4,2,9,8,13,10,3,2,0,1,2,5,2,0,7,7,0,0,15,16,6,6,40,37.5,9,8,4,4,44.4,50,6,8,2,2,33.3,25,7,5,7,5,100,100,3,3,7,6,10,9,2,2,1,0,3,2,0,2,5,8,0,0,17,15,9,9,52.9,60,11,10,7,6,63.6,60,6,5,2,3,33.3,60,5,10,4,6,80,60,0,0,8,8,8,8,7,3,0,0,1,1,0,0,9,4,0,0,0,0,0,0,0,0,0,0,0,0,0,0,0,0,0,0,0,0,0,0,0,0,0,0,0,0,0,0,0,0,0,0,0,0,0,0,0,0,0,0,0,0
"2020-11-17 11:30:00",Olimpico,"Obera TC",Finished,0,,"Estadio Héctor Etchart (Buenos Aires)",85,63,22,19,20,9,26,12,17,23,0,0,13,13,7,7,53.8,53.8,3,2,4,2,100,100,10,11,3,5,30,45.5,3,0,3,0,100,0,1,1,9,7,10,8,5,5,0,0,2,2,1,2,3,3,0,0,19,21,8,2,42.1,9.5,8,15,5,2,62.5,13.3,11,6,3,0,27.3,0,4,6,3,5,75,83.3,0,2,13,8,13,10,5,1,0,0,2,0,0,1,6,6,0,0,14,12,10,4,71.4,33.3,5,8,6,4,100,50,9,4,4,0,44.4,0,4,6,2,4,50,66.7,2,0,9,6,11,6,11,0,0,0,1,2,1,0,4,4,0,0,18,15,6,6,33.3,40,9,5,5,2,55.6,40,9,10,1,4,11.1,40,4,7,4,7,100,100,0,2,6,9,6,11,3,6,0,0,0,2,1,0,6,5,0,0,0,0,0,0,0,0,0,0,0,0,0,0,0,0,0,0,0,0,0,0,0,0,0,0,0,0,0,0,0,0,0,0,0,0,0,0,0,0,0,0,0,0
"2020-11-12 16:30:00",Quimsa,"San Martin",Finished,0,,"Estadio Héctor Etchart (Buenos Aires)",85,86,23,17,25,22,16,21,21,26,0,0,17,16,8,8,47.1,50,14,11,7,7,50,63.6,3,5,1,1,33.3,20,6,1,6,0,100,0,2,3,6,7,8,10,4,3,1,1,3,6,4,3,2,5,0,0,18,12,10,6,55.6,50,8,8,7,4,87.5,50,10,4,3,2,30,50,2,10,2,8,100,80,2,1,6,6,8,7,4,5,3,0,1,5,3,1,7,5,0,0,12,15,6,9,50,60,0,10,2,6,0,60,12,5,4,3,33.3,60,0,0,0,0,0,0,3,2,4,6,7,8,2,5,0,0,4,3,1,3,4,3,0,0,23,15,7,10,30.4,66.7,17,13,5,10,29.4,76.9,6,2,2,0,33.3,0,5,10,5,6,100,60,4,0,8,8,12,8,3,6,1,1,3,3,2,3,8,7,0,0,0,0,0,0,0,0,0,0,0,0,0,0,0,0,0,0,0,0,0,0,0,0,0,0,0,0,0,0,0,0,0,0,0,0,0,0,0,0,0,0,0,0
"2020-11-05 16:30:00",Regatas,"Comunicaciones Mercedes",Finished,0,,"Estadio Héctor Etchart (Buenos Aires)",82,77,27,22,17,22,17,17,21,16,0,0,16,16,10,7,62.5,43.8,9,11,7,6,77.8,54.5,7,5,3,1,42.9,20,5,10,4,7,80,70,0,5,6,6,6,11,3,2,2,0,3,6,3,3,8,8,0,0,18,14,6,4,33.3,28.6,10,8,3,3,30,37.5,8,6,3,1,37.5,16.7,2,17,2,13,100,76.5,3,4,8,9,11,13,3,2,1,1,4,2,1,3,9,4,0,0,14,13,3,4,21.4,30.8,7,5,3,3,42.9,60,7,8,0,1,0,12.5,13,11,11,8,84.6,72.7,5,5,5,7,10,12,1,2,1,1,3,5,1,2,7,10,0,0,14,18,6,8,42.9,44.4,6,13,4,8,66.7,61.5,8,5,2,0,25,0,14,0,7,0,50,0,3,2,7,6,10,8,2,6,0,0,3,2,1,0,3,10,0,0,0,0,0,0,0,0,0,0,0,0,0,0,0,0,0,0,0,0,0,0,0,0,0,0,0,0,0,0,0,0,0,0,0,0,0,0,0,0,0,0,0,0
"2020-11-08 06:00:00",Quimsa,Olimpico,Finished,0,,"Estadio Héctor Etchart (Buenos Aires)",78,76,22,22,21,21,19,18,16,15,0,0,12,16,7,8,58.3,50,6,8,4,5,66.7,62.5,6,8,3,3,50,37.5,6,3,5,3,83.3,100,2,3,6,4,8,7,3,4,1,0,5,3,2,3,5,7,0,0,16,13,6,6,37.5,46.2,7,10,5,5,71.4,50,9,3,1,1,11.1,33.3,9,10,8,8,88.9,80,4,1,5,4,9,5,2,2,2,0,4,3,2,2,8,6,0,0,17,16,7,7,41.2,43.8,9,8,6,4,66.7,50,8,8,1,3,12.5,37.5,5,3,4,1,80,33.3,6,2,7,6,13,8,2,4,1,1,5,5,3,3,5,6,0,0,15,16,6,5,40,31.3,9,10,6,4,66.7,40,6,6,0,1,0,16.7,7,6,4,4,57.1,66.7,2,6,6,6,8,12,1,2,2,0,3,5,2,1,5,7,0,0,0,0,0,0,0,0,0,0,0,0,0,0,0,0,0,0,0,0,0,0,0,0,0,0,0,0,0,0,0,0,0,0,0,0,0,0,0,0,0,0,0,0
"2020-11-18 11:30:00","Instituto de Cordoba",Libertad,Finished,0,,"Estadio Héctor Etchart (Buenos Aires)",96,81,26,21,20,16,28,24,22,20,0,0,17,16,11,7,64.7,43.8,11,10,7,4,63.6,40,6,6,4,3,66.7,50,0,6,0,4,0,66.7,2,2,8,4,10,6,6,0,0,0,3,0,0,1,5,2,0,0,11,19,7,7,63.6,36.8,6,12,5,7,83.3,58.3,5,7,2,0,40,0,7,2,4,2,57.1,100,0,3,9,4,9,7,1,3,0,0,4,1,0,2,2,6,0,0,19,14,10,8,52.6,57.1,12,8,8,6,66.7,75,7,6,2,2,28.6,33.3,6,8,6,6,100,75,3,0,7,5,10,5,5,4,0,0,2,3,1,2,6,6,0,0,13,13,8,7,61.5,53.8,9,8,7,5,77.8,62.5,4,5,1,2,25,40,6,6,5,4,83.3,66.7,1,0,6,4,7,4,4,3,0,0,6,6,4,3,5,6,0,0,0,0,0,0,0,0,0,0,0,0,0,0,0,0,0,0,0,0,0,0,0,0,0,0,0,0,0,0,0,0,0,0,0,0,0,0,0,0,0,0,0,0
,,,,,,,,,,,,,,,,,,,,,,,,,,,,,,,,,,,,,,,,,,,,,,,,,,,,,,,,,,,,,,,,,,,,,,,,,,,,,,,,,,,,,,,,,,,,,,,,,,,,,,,,,,,,,,,,,,,,,,,,,,,,,,,,,,,,,,,,,,,,,,,,,,,,,,,,,,,,,,,,,,,,,,,,,,,,,,,,,,,,,,,,,,,,,,,,,,,,,,,,,,,,,,,,,,,,,,,,,,,,,,,,,,,,
,,,,,,,,,,,,,,,,,,,,,,,,,,,,,,,,,,,,,,,,,,,,,,,,,,,,,,,,,,,,,,,,,,,,,,,,,,,,,,,,,,,,,,,,,,,,,,,,,,,,,,,,,,,,,,,,,,,,,,,,,,,,,,,,,,,,,,,,,,,,,,,,,,,,,,,,,,,,,,,,,,,,,,,,,,,,,,,,,,,,,,,,,,,,,,,,,,,,,,,,,,,,,,,,,,,,,,,,,,,,,,,,,,,,
"2020-11-04 11:45:00","Comunicaciones Mercedes",Olimpico,Finished,0,,"Estadio Héctor Etchart (Buenos Aires)",83,90,17,22,26,22,22,18,18,28,0,0,16,15,5,7,31.3,46.7,10,9,2,4,20,44.4,6,6,3,3,50,50,4,8,4,5,100,62.5,3,4,7,8,10,12,3,3,0,0,3,1,1,1,8,5,0,0,15,16,10,8,66.7,50,6,6,5,5,83.3,83.3,9,10,5,3,55.6,30,4,5,1,3,25,60,1,1,7,6,8,7,6,2,0,0,3,3,0,2,5,6,0,0,14,13,8,6,57.1,46.2,9,4,6,3,66.7,75,5,9,2,3,40,33.3,8,8,4,3,50,37.5,2,3,7,6,9,9,5,4,0,0,3,4,2,3,5,7,0,0,19,15,6,9,31.6,60,14,9,4,6,28.6,66.7,5,6,2,3,40,50,6,12,4,7,66.7,58.3,5,3,4,8,9,11,4,5,0,0,2,2,0,0,7,5,0,0,0,0,0,0,0,0,0,0,0,0,0,0,0,0,0,0,0,0,0,0,0,0,0,0,0,0,0,0,0,0,0,0,0,0,0,0,0,0,0,0,0,0
"2020-11-13 09:00:00","Comunicaciones Mercedes",Quimsa,Finished,0,,"Estadio Héctor Etchart (Buenos Aires)",68,83,20,16,14,24,19,20,15,23,0,0,15,13,7,5,46.7,38.5,10,7,5,3,50,42.9,5,6,2,2,40,33.3,7,8,4,6,57.1,75,1,4,6,8,7,12,4,1,0,1,2,6,1,0,7,8,0,0,16,21,5,9,31.3,42.9,10,13,3,7,30,53.8,6,8,2,2,33.3,25,5,5,2,2,40,40,1,5,8,10,9,15,4,8,0,2,3,2,1,1,5,2,0,0,14,14,7,8,50,57.1,8,11,5,6,62.5,54.5,6,3,2,2,33.3,66.7,6,2,4,2,66.7,100,5,2,4,6,9,8,6,3,0,0,3,5,2,3,1,3,0,0,18,15,6,9,33.3,60,14,8,6,6,42.9,75,4,7,0,3,0,42.9,2,2,2,2,100,100,2,2,4,8,6,10,3,7,0,0,2,2,2,1,7,4,0,0,0,0,0,0,0,0,0,0,0,0,0,0,0,0,0,0,0,0,0,0,0,0,0,0,0,0,0,0,0,0,0,0,0,0,0,0,0,0,0,0,0,0
,,,,,,,,,,,,,,,,,,,,,,,,,,,,,,,,,,,,,,,,,,,,,,,,,,,,,,,,,,,,,,,,,,,,,,,,,,,,,,,,,,,,,,,,,,,,,,,,,,,,,,,,,,,,,,,,,,,,,,,,,,,,,,,,,,,,,,,,,,,,,,,,,,,,,,,,,,,,,,,,,,,,,,,,,,,,,,,,,,,,,,,,,,,,,,,,,,,,,,,,,,,,,,,,,,,,,,,,,,,,,,,,,,,,
"2020-11-17 06:00:00","La Union","San Martin",Finished,0,,"Estadio Héctor Etchart (Buenos Aires)",51,70,15,22,13,10,13,19,10,19,0,0,11,15,7,9,63.6,60,8,10,6,7,75,70,3,5,1,2,33.3,40,2,2,0,2,0,100,2,0,6,6,8,6,2,9,0,1,7,2,0,4,2,4,0,0,15,18,5,5,33.3,27.8,11,14,4,5,36.4,35.7,4,4,1,0,25,0,4,2,2,0,50,0,1,2,9,10,10,12,3,0,1,0,3,4,2,2,3,3,0,0,17,12,4,8,23.5,66.7,10,6,3,5,30,83.3,7,6,1,3,14.3,50,7,0,4,0,57.1,0,5,1,5,9,10,10,2,3,1,1,3,4,2,2,3,5,0,0,13,17,4,8,30.8,47.1,6,9,3,5,50,55.6,7,8,1,3,14.3,37.5,2,0,1,0,50,0,3,3,5,6,8,9,2,3,0,0,6,3,2,5,3,5,0,0,0,0,0,0,0,0,0,0,0,0,0,0,0,0,0,0,0,0,0,0,0,0,0,0,0,0,0,0,0,0,0,0,0,0,0,0,0,0,0,0,0,0
"2020-11-08 09:30:00","Comunicaciones Mercedes","San Martin",Finished,0,,"Estadio Héctor Etchart (Buenos Aires)",70,74,18,19,18,18,14,17,20,20,0,0,17,12,7,6,41.2,50,8,7,4,2,50,28.6,9,5,3,4,33.3,80,2,4,1,3,50,75,3,1,5,8,8,9,2,6,2,1,4,5,3,2,4,4,0,0,14,14,7,7,50,50,9,6,4,4,44.4,66.7,5,8,3,3,60,37.5,2,2,1,1,50,50,1,0,7,8,8,8,7,3,1,1,3,4,3,1,3,3,0,0,13,14,5,6,38.5,42.9,11,8,4,4,36.4,50,2,6,1,2,50,33.3,4,3,3,3,75,100,2,0,8,4,10,4,5,6,1,0,4,2,1,2,4,5,0,0,19,16,7,6,36.8,37.5,14,8,7,2,50,25,5,8,0,4,0,50,9,4,6,4,66.7,100,5,3,7,9,12,12,2,2,2,1,1,2,0,0,6,6,0,0,0,0,0,0,0,0,0,0,0,0,0,0,0,0,0,0,0,0,0,0,0,0,0,0,0,0,0,0,0,0,0,0,0,0,0,0,0,0,0,0,0,0
,,,,,,,,,,,,,,,,,,,,,,,,,,,,,,,,,,,,,,,,,,,,,,,,,,,,,,,,,,,,,,,,,,,,,,,,,,,,,,,,,,,,,,,,,,,,,,,,,,,,,,,,,,,,,,,,,,,,,,,,,,,,,,,,,,,,,,,,,,,,,,,,,,,,,,,,,,,,,,,,,,,,,,,,,,,,,,,,,,,,,,,,,,,,,,,,,,,,,,,,,,,,,,,,,,,,,,,,,,,,,,,,,,,,
"2020-11-12 09:00:00","La Union",Olimpico,Finished,0,,"Estadio Héctor Etchart (Buenos Aires)",72,83,10,26,21,17,20,22,21,18,0,0,18,15,3,10,16.7,66.7,10,8,2,6,20,75,8,7,1,4,12.5,57.1,4,6,3,2,75,33.3,4,2,8,11,12,13,2,3,0,0,1,2,1,1,7,4,0,0,20,16,9,5,45,31.3,14,8,7,1,50,12.5,6,8,2,4,33.3,50,4,3,1,3,25,100,4,2,7,9,11,11,5,3,0,2,4,5,1,0,6,6,0,0,11,16,7,9,63.6,56.3,5,8,4,7,80,87.5,6,8,3,2,50,25,4,4,3,2,75,50,1,4,6,4,7,8,3,5,1,0,3,0,0,1,4,3,0,0,13,22,7,6,53.8,27.3,7,12,5,2,71.4,16.7,6,10,2,4,33.3,40,6,2,5,2,83.3,100,2,3,11,5,13,8,6,4,2,0,5,2,0,2,3,6,0,0,0,0,0,0,0,0,0,0,0,0,0,0,0,0,0,0,0,0,0,0,0,0,0,0,0,0,0,0,0,0,0,0,0,0,0,0,0,0,0,0,0,0
,,,,,,,,,,,,,,,,,,,,,,,,,,,,,,,,,,,,,,,,,,,,,,,,,,,,,,,,,,,,,,,,,,,,,,,,,,,,,,,,,,,,,,,,,,,,,,,,,,,,,,,,,,,,,,,,,,,,,,,,,,,,,,,,,,,,,,,,,,,,,,,,,,,,,,,,,,,,,,,,,,,,,,,,,,,,,,,,,,,,,,,,,,,,,,,,,,,,,,,,,,,,,,,,,,,,,,,,,,,,,,,,,,,,
"2020-11-13 11:30:00","San Martin",Libertad,Finished,0,,"Estadio Héctor Etchart (Buenos Aires)",82,76,21,19,25,17,14,21,22,19,0,0,14,12,9,7,64.3,58.3,6,7,6,4,100,57.1,8,5,3,3,37.5,60,0,1,0,1,0,100,1,1,6,4,7,5,7,2,0,0,3,3,2,1,5,3,0,0,13,19,7,7,53.8,36.8,9,16,5,6,55.6,37.5,4,3,2,1,50,33.3,12,3,9,3,75,100,5,1,9,2,14,3,4,1,0,2,6,1,0,4,4,8,0,0,16,13,6,8,37.5,61.5,11,9,4,6,36.4,66.7,5,4,2,2,40,50,0,4,0,3,0,75,2,0,6,8,8,8,1,3,2,1,3,4,0,0,6,2,0,0,14,17,7,8,50,47.1,11,11,6,7,54.5,63.6,3,6,1,1,33.3,16.7,10,2,7,2,70,100,2,4,5,7,7,11,4,7,1,0,3,5,4,2,5,7,0,0,0,0,0,0,0,0,0,0,0,0,0,0,0,0,0,0,0,0,0,0,0,0,0,0,0,0,0,0,0,0,0,0,0,0,0,0,0,0,0,0,0,0
"2020-11-08 11:45:00","La Union","Obera TC",Finished,0,,"Estadio Héctor Etchart (Buenos Aires)",70,88,18,19,21,19,13,23,18,27,0,0,19,18,9,9,47.4,50,14,13,9,8,64.3,61.5,5,5,0,1,0,20,0,1,0,0,0,0,3,4,7,6,10,10,4,3,0,0,2,3,1,1,3,3,0,0,16,11,8,5,50,45.5,8,4,5,3,62.5,75,8,7,3,2,37.5,28.6,2,9,2,7,100,77.8,2,3,6,6,8,9,4,4,0,0,2,4,1,0,6,4,0,0,12,18,5,7,41.7,38.9,11,11,5,4,45.5,36.4,1,7,0,3,0,42.9,6,9,3,6,50,66.7,1,3,7,7,8,10,2,2,2,0,5,1,1,4,9,6,0,0,13,18,6,8,46.2,44.4,10,7,4,4,40,57.1,3,11,2,4,66.7,36.4,7,8,4,7,57.1,87.5,3,6,4,6,7,12,3,3,1,1,2,0,0,2,5,6,0,0,0,0,0,0,0,0,0,0,0,0,0,0,0,0,0,0,0,0,0,0,0,0,0,0,0,0,0,0,0,0,0,0,0,0,0,0,0,0,0,0,0,0
,,,,,,,,,,,,,,,,,,,,,,,,,,,,,,,,,,,,,,,,,,,,,,,,,,,,,,,,,,,,,,,,,,,,,,,,,,,,,,,,,,,,,,,,,,,,,,,,,,,,,,,,,,,,,,,,,,,,,,,,,,,,,,,,,,,,,,,,,,,,,,,,,,,,,,,,,,,,,,,,,,,,,,,,,,,,,,,,,,,,,,,,,,,,,,,,,,,,,,,,,,,,,,,,,,,,,,,,,,,,,,,,,,,,
"2020-11-18 09:00:00","San Martin",Atenas,Finished,0,,"Estadio Héctor Etchart (Buenos Aires)",93,78,20,21,24,14,27,19,22,24,0,0,15,15,8,9,53.3,60,9,10,5,9,55.6,90,6,5,3,0,50,0,2,4,1,3,50,75,4,1,6,3,10,4,6,1,0,1,5,2,0,2,5,5,0,0,18,15,9,6,50,40,10,11,4,6,40,54.5,8,4,5,0,62.5,0,2,2,1,2,50,100,2,3,5,6,7,9,6,0,0,1,2,5,2,1,5,6,0,0,13,19,7,8,53.8,42.1,7,12,3,5,42.9,41.7,6,7,4,3,66.7,42.9,12,1,9,0,75,0,2,2,10,4,12,6,8,4,0,0,4,3,1,3,4,8,0,0,13,16,8,7,61.5,43.8,10,8,7,5,70,62.5,3,8,1,2,33.3,25,6,11,5,8,83.3,72.7,2,3,7,4,9,7,6,1,1,1,10,3,1,5,8,7,0,0,0,0,0,0,0,0,0,0,0,0,0,0,0,0,0,0,0,0,0,0,0,0,0,0,0,0,0,0,0,0,0,0,0,0,0,0,0,0,0,0,0,0
"2020-11-10 14:00:00","Obras Sanitarias",Platense,Finished,0,,"Estadio Obras Sanitarias (Buenos Aires)",73,58,21,14,20,22,16,13,16,9,0,0,19,15,9,4,47.4,26.7,10,7,7,2,70,28.6,9,8,2,2,22.2,25,2,6,1,4,50,66.7,1,2,12,11,13,13,2,2,1,0,1,1,0,1,5,6,0,0,25,18,7,6,28,33.3,14,6,3,1,21.4,16.7,11,12,4,5,36.4,41.7,3,5,2,5,66.7,100,8,1,9,8,17,9,4,4,0,0,4,4,1,0,6,5,0,0,7,17,5,4,71.4,23.5,2,10,3,4,100,40,5,7,2,0,40,0,4,5,4,5,100,100,0,0,13,4,13,4,2,3,0,0,9,1,1,3,7,4,0,0,17,15,6,4,35.3,26.7,9,5,4,3,44.4,60,8,10,2,1,25,10,4,1,2,0,50,0,4,2,11,6,15,8,1,4,1,0,4,4,2,2,4,5,0,0,0,0,0,0,0,0,0,0,0,0,0,0,0,0,0,0,0,0,0,0,0,0,0,0,0,0,0,0,0,0,0,0,0,0,0,0,0,0,0,0,0,0
"2020-11-11 14:00:00","Boca Juniors",Gimnasia,Finished,0,,"Estadio Obras Sanitarias (Buenos Aires)",66,98,16,25,10,26,25,25,15,22,0,0,13,13,7,8,53.8,61.5,11,9,7,5,63.6,55.6,2,4,0,3,0,75,2,8,2,6,100,75,2,1,5,4,7,5,4,4,0,1,6,3,1,4,6,5,0,0,11,17,4,10,36.4,58.8,7,10,3,6,42.9,60,4,7,1,4,25,57.1,4,4,1,2,25,50,1,1,7,9,8,10,3,7,0,0,7,1,1,5,5,4,0,0,12,15,8,7,66.7,46.7,10,5,6,2,60,40,2,10,2,5,100,50,12,7,7,6,58.3,85.7,3,2,7,3,10,5,4,5,0,1,4,2,1,2,7,9,0,0,16,19,6,9,37.5,47.4,13,8,5,6,38.5,75,3,11,1,3,33.3,27.3,4,2,2,1,50,50,3,3,7,7,10,10,2,5,0,3,3,1,1,3,3,4,0,0,0,0,0,0,0,0,0,0,0,0,0,0,0,0,0,0,0,0,0,0,0,0,0,0,0,0,0,0,0,0,0,0,0,0,0,0,0,0,0,0,0,0
"2020-11-13 16:30:00",Regatas,"La Union",Finished,0,,"Estadio Héctor Etchart (Buenos Aires)",75,85,15,18,18,20,17,25,25,22,0,0,17,16,5,6,29.4,37.5,12,10,5,4,41.7,40,5,6,0,2,0,33.3,6,7,5,4,83.3,57.1,4,3,9,8,13,11,1,3,0,0,3,4,1,2,7,6,0,0,15,18,6,7,40,38.9,8,8,4,2,50,25,7,10,2,5,28.6,50,6,1,4,1,66.7,100,3,5,6,6,9,11,2,5,0,1,4,4,2,2,3,5,0,0,12,15,4,10,33.3,66.7,4,11,2,8,50,72.7,8,4,2,2,25,50,9,5,7,3,77.8,60,1,1,5,8,6,9,2,4,0,0,4,4,1,1,8,9,0,0,20,15,7,8,35,53.3,12,13,5,8,41.7,61.5,8,2,2,0,25,0,10,8,9,6,90,75,3,1,7,10,10,11,3,7,1,0,5,8,6,2,9,10,0,0,0,0,0,0,0,0,0,0,0,0,0,0,0,0,0,0,0,0,0,0,0,0,0,0,0,0,0,0,0,0,0,0,0,0,0,0,0,0,0,0,0,0
